id;competition_id;title_short;title;name;distance_km
1;1;Кубок Giant;Кубок Giant (2014);полная;50
2;2;Пиковый марафон;Пиковый марафон (2014);полная;50
3;3;Вологодские зори;Вологодские зори (2014);марафон;52
4;3;Вологодские зори;Вологодские зори (2014);полумарафон;26
5;4;Нагорный марафон;Нагорный марафон (2014);марафон;54
6;4;Нагорный марафон;Нагорный марафон (2014);полумарафон;27
7;5;Оларевская гряда;Оларевская гряда (2014);полная;16
8;6;"Лыжная гонка на призы СЛК ""Вииторул""";"Лыжная гонка на призы СЛК ""Вииторул"" (2015)";полная;50
9;7;СОК Изумруд - лыжная гонка;СОК Изумруд - лыжная гонка (2015);полная;50
10;8;Харовский марафон;Харовский марафон (2015);полная;50
61;9;Гонка кросс-кантри в Чернышово;Гонка кросс-кантри в Чернышово (2015);6 кр.;36
62;9;Гонка кросс-кантри в Чернышово;Гонка кросс-кантри в Чернышово (2015);5 кр.;30
63;9;Гонка кросс-кантри в Чернышово;Гонка кросс-кантри в Чернышово (2015);3 кр.;18
64;9;Гонка кросс-кантри в Чернышово;Гонка кросс-кантри в Чернышово (2015);любители;18
11;10;Кубок Giant;Кубок Giant (2015);полная;50
16;11;ВелоМарафон Филина Гора;ВелоМарафон Филина Гора (2015);марафон;56
17;11;ВелоМарафон Филина Гора;ВелоМарафон Филина Гора (2015);полумарафон;28
18;12;Вологодские зори;Вологодские зори (2015);марафон;52
19;12;Вологодские зори;Вологодские зори (2015);полумарафон;26
20;13;Нагорный марафон;Нагорный марафон (2015);марафон;54
21;13;Нагорный марафон;Нагорный марафон (2015);полумарафон;27
24;14;Оларевская гряда;Оларевская гряда (2015);полная;16
12;15;Пиковый марафон;Пиковый марафон (2015);марафон;50
13;15;Пиковый марафон;Пиковый марафон (2015);полумарафон;25
14;16;Гонка кросс-кантри в Кириках-Улитах;Гонка кросс-кантри в Кириках-Улитах (2015);полная;56
22;17;Гонка в Осановской роще;Гонка в Осановской роще (2015);2 круга;16
23;17;Гонка в Осановской роще;Гонка в Осановской роще (2015);4 круга;32
15;18;Марафон Комела (этап ВелоВологды);Марафон Комела (этап ВелоВологды) (2015);полная;50
25;19;Новогодняя гонка;Новогодняя гонка (2015);полная;10
26;20;"Лыжная гонка на призы СЛК ""Вииторул""";"Лыжная гонка на призы СЛК ""Вииторул"" (2016)";полная;50
27;22;Лыжная гонка в ЦСО Комела;Лыжная гонка в ЦСО Комела (2016);полная;50
28;23;Марафон на Глушице;Марафон на Глушице (2016);полная;50
30;24;Харовский марафон;Харовский марафон (2016);полная;50
29;25;Ночная тридцатка;Ночная тридцатка (2016);полная;30
39;32;Кубок Giant;Кубок Giant (2016);полная;50
40;32;Кубок Giant;Кубок Giant (2016);сокращенная;25
37;33;Гонка кросс-кантри в Чернышово;Гонка кросс-кантри в Чернышово (2016);полная;36
38;33;Гонка кросс-кантри в Чернышово;Гонка кросс-кантри в Чернышово (2016);сокращенная;18
41;34;Карповский марафон;Карповский марафон (2016);полная;44
42;34;Карповский марафон;Карповский марафон (2016);сокращенная;24
47;35;ВелоМарафон Филина Гора;ВелоМарафон Филина Гора (2016);полная;56
48;35;ВелоМарафон Филина Гора;ВелоМарафон Филина Гора (2016);сокращенная;28
49;36;Вологодские зори;Вологодские зори (2016);полная;52
50;36;Вологодские зори;Вологодские зори (2016);сокращенная;26
51;36;Вологодские зори;Вологодские зори (2016);фитнес;20
43;37;Гонка кросс-кантри в Кириках-Улитах;Гонка кросс-кантри в Кириках-Улитах (2016);полная;56
44;37;Гонка кросс-кантри в Кириках-Улитах;Гонка кросс-кантри в Кириках-Улитах (2016);сокращенная;28
45;38;Марафон Комела (этап ВелоВологды);Марафон Комела (этап ВелоВологды) (2016);полная;50
46;38;Марафон Комела (этап ВелоВологды);Марафон Комела (этап ВелоВологды) (2016);сокращенная;25
52;39;Нагорный марафон;Нагорный марафон (2016);полная;54
53;39;Нагорный марафон;Нагорный марафон (2016);сокращенная;27
54;39;Нагорный марафон;Нагорный марафон (2016);фитнес;18
55;40;Гонка в Осановской роще;Гонка в Осановской роще (2016);полная;32
56;40;Гонка в Осановской роще;Гонка в Осановской роще (2016);сокращенная;16
57;41;Оларевская гряда;Оларевская гряда (2016);полная;16
58;41;Оларевская гряда;Оларевская гряда (2016);сокращенная;8
59;42;Покровский полумарафон;Покровский полумарафон (2016);10 км 350 м;10,35
60;42;Покровский полумарафон;Покровский полумарафон (2016);21 км 97,5 м;21
65;43;Новогодняя гонка;Новогодняя гонка (2016);5 км;5
66;43;Новогодняя гонка;Новогодняя гонка (2016);3 км;3
67;44;"Лыжная гонка на призы СЛК ""Вииторул""";"Лыжная гонка на призы СЛК ""Вииторул"" (2017)";10 км;10
68;44;"Лыжная гонка на призы СЛК ""Вииторул""";"Лыжная гонка на призы СЛК ""Вииторул"" (2017)";5 км;5
70;44;"Лыжная гонка на призы СЛК ""Вииторул""";"Лыжная гонка на призы СЛК ""Вииторул"" (2017)";3 км;3
71;45;Лыжная гонка в ЦЛСиО Карпово;Лыжная гонка в ЦЛСиО Карпово (2017);10 км;10
72;45;Лыжная гонка в ЦЛСиО Карпово;Лыжная гонка в ЦЛСиО Карпово (2017);20 км;20
73;46;Лыжный марафон на Комеле;Лыжный марафон на Комеле (2017);50км;50
74;46;Лыжный марафон на Комеле;Лыжный марафон на Комеле (2017);25км.;25
77;46;Лыжный марафон на Комеле;Лыжный марафон на Комеле (2017);25км;25
78;46;Лыжный марафон на Комеле;Лыжный марафон на Комеле (2017);12.5км;12,5
75;47;Ночной лыжный марафон;Ночной лыжный марафон (2017);50км - муж;50
76;47;Ночной лыжный марафон;Ночной лыжный марафон (2017);30км - муж;30
81;47;Ночной лыжный марафон;Ночной лыжный марафон (2017);30км - жен;30
82;47;Ночной лыжный марафон;Ночной лыжный марафон (2017);20км - жен;20
79;48;Командная гонка в СОК Изумруд;Командная гонка в СОК Изумруд (2017);5км классическим стилем;5
80;48;Командная гонка в СОК Изумруд;Командная гонка в СОК Изумруд (2017);5км свободным стилем;5
83;49;Харовский марафон;Харовский марафон (2017);50км;50
84;49;Харовский марафон;Харовский марафон (2017);25км - муж;25
85;49;Харовский марафон;Харовский марафон (2017);25км - жен;25
86;49;Харовский марафон;Харовский марафон (2017);12.5км;12,5
87;50;Стризневский марафон;Стризневский марафон (2017);21км;21
88;50;Стризневский марафон;Стризневский марафон (2017);10км;10
89;51;Кубок Giant;Кубок Giant (2017);Полная;50
90;51;Кубок Giant;Кубок Giant (2017);Сокращенная;25
91;51;Кубок Giant;Кубок Giant (2017);Фитнес;15
92;52;Вологодские зори;Вологодские зори (2017);Марафон;52
93;52;Вологодские зори;Вологодские зори (2017);Сокращенная;26
94;52;Вологодские зори;Вологодские зори (2017);Фитнес;20
95;53;Карповский марафон;Карповский марафон (2017);Марафон;44
96;53;Карповский марафон;Карповский марафон (2017);Сокращенная;24
97;53;Карповский марафон;Карповский марафон (2017);Фитнес;12
98;54;ВелоМарафон Филина Гора;ВелоМарафон Филина Гора (2017);Марафон;56
99;54;ВелоМарафон Филина Гора;ВелоМарафон Филина Гора (2017);Сокращенная;28
100;54;ВелоМарафон Филина Гора;ВелоМарафон Филина Гора (2017);Фитнес;20
101;55;Кубок Giant разделка;Кубок Giant разделка (2017);Полная;50
102;55;Кубок Giant разделка;Кубок Giant разделка (2017);Сокращенная;25
103;56;Нагорный марафон;Нагорный марафон (2017);Полная;54
104;56;Нагорный марафон;Нагорный марафон (2017);Сокращенная;27
105;56;Нагорный марафон;Нагорный марафон (2017);Фитнес;18
106;57;Гонка кросс-кантри в Кириках-Улитах;Гонка кросс-кантри в Кириках-Улитах (2017);15 км;15
107;58;Кросс-кантри эстафета в Кириках-Улитах;Кросс-кантри эстафета в Кириках-Улитах (2017);5 км;5
108;59;Оларевская гряда;Оларевская гряда (2017);Полная;16
110;61;Покровский полумарафон;Покровский полумарафон (2017);21 км;21
111;61;Покровский полумарафон;Покровский полумарафон (2017);10 км;10
113;63;Лыжный марафон на Комеле;Лыжный марафон на Комеле (2018);50 км мужчины;50
114;63;Лыжный марафон на Комеле;Лыжный марафон на Комеле (2018);25 км женщины;25
115;63;Лыжный марафон на Комеле;Лыжный марафон на Комеле (2018);25 км мужчины;25
116;63;Лыжный марафон на Комеле;Лыжный марафон на Комеле (2018);12.5 км женщины;12,5
117;64;Новогодняя гонка;Новогодняя гонка (2017);5 км;5
118;65;Рождественская ночная гонка;Рождественская ночная гонка (2018);20 км;20
119;65;Рождественская ночная гонка;Рождественская ночная гонка (2018);10 км;10
120;66;Классическая лыжная гонка;Классическая лыжная гонка (2018);30 км мужчины;30
121;66;Классическая лыжная гонка;Классическая лыжная гонка (2018);15 км мужчины;15
122;66;Классическая лыжная гонка;Классическая лыжная гонка (2018);15 км женщины;15
123;67;Лыжная гонка в ЦЛСиО Карпово;Лыжная гонка в ЦЛСиО Карпово (2018);10 км мужчины;10
124;67;Лыжная гонка в ЦЛСиО Карпово;Лыжная гонка в ЦЛСиО Карпово (2018);5 км женщины;5
125;68;Харовский марафон;Харовский марафон (2018);50 км мужчины;50
126;68;Харовский марафон;Харовский марафон (2018);25 км мужчины;25
127;68;Харовский марафон;Харовский марафон (2018);25 км женщины;25
128;68;Харовский марафон;Харовский марафон (2018);12,5 км женщины;12,5
129;69;"Скиатлон ""Еловый лес""";"Скиатлон ""Еловый лес"" (2018)";22 км мужчины;22
130;69;"Скиатлон ""Еловый лес""";"Скиатлон ""Еловый лес"" (2018)";11 км женщины;11
131;70;Этап-спутник (ЛМ);Этап-спутник (ЛМ) (2018);Полная;50
132;71;Командная гонка в СОК Изумруд;Командная гонка в СОК Изумруд (2018);Полная;20
133;72;Кубок Giant;Кубок Giant (2018);Полная;50
134;72;Кубок Giant;Кубок Giant (2018);Сокращенная;25
135;72;Кубок Giant;Кубок Giant (2018);Фитнес;15
136;73;Сметанино-марафон;Сметанино-марафон (2018);42 км;42
137;73;Сметанино-марафон;Сметанино-марафон (2018);21 км;21
138;73;Сметанино-марафон;Сметанино-марафон (2018);10 км;10
139;74;Карповский марафон;Карповский марафон (2018);50км;50
140;74;Карповский марафон;Карповский марафон (2018);35км;35
141;74;Карповский марафон;Карповский марафон (2018);3км;3
147;75;ВелоМарафон Филина Гора;ВелоМарафон Филина Гора (2018);Полная (52 км);52
148;75;ВелоМарафон Филина Гора;ВелоМарафон Филина Гора (2018);Сокращенная (27 км);27
149;75;ВелоМарафон Филина Гора;ВелоМарафон Филина Гора (2018);Фитнес (4 км);4
153;76;Вологодские зори;Вологодские зори (2018);72 км;72
154;76;Вологодские зори;Вологодские зори (2018);37 км;37
155;76;Вологодские зори;Вологодские зори (2018);5 км;5
150;77;Нагорный марафон;Нагорный марафон (2018);53 км;53
151;77;Нагорный марафон;Нагорный марафон (2018);35 км;35
152;77;Нагорный марафон;Нагорный марафон (2018);4 км;4
156;78;Гонка кросс-кантри в Кириках-Улитах;Гонка кросс-кантри в Кириках-Улитах (2018);5 км;5
157;79;Оларевская гряда;Оларевская гряда (2018);Полная;16
142;80;Кубок Giant разделка;Кубок Giant разделка (2018);Полная;50
143;80;Кубок Giant разделка;Кубок Giant разделка (2018);Сокращенная;25
144;81;Рыбинск помнит;Рыбинск помнит (2018);3.6 км (1 кр);3,6
145;81;Рыбинск помнит;Рыбинск помнит (2018);10.8 км (3 кр);10,8
146;81;Рыбинск помнит;Рыбинск помнит (2018);21.6 км (6 кр);21,6
158;82;Кросс-кантри эстафета в Кириках-Улитах;Кросс-кантри эстафета в Кириках-Улитах (2018);Полная;20
159;83;Покровский полумарафон;Покровский полумарафон (2018);21 км;21
160;83;Покровский полумарафон;Покровский полумарафон (2018);10 км;10
167;87;Пролог в Вожеге;Пролог в Вожеге (2018);10 км;10
168;87;Пролог в Вожеге;Пролог в Вожеге (2018);5 км;5
163;88;Лыжный марафон на Комеле;Лыжный марафон на Комеле (2019);50 СВ ХС МАРАФОН;50
164;88;Лыжный марафон на Комеле;Лыжный марафон на Комеле (2019);25 СВ ХС МАРАФОН;25
165;88;Лыжный марафон на Комеле;Лыжный марафон на Комеле (2019);25 СВ ХС 1/2 МАРАФОН;25
166;88;Лыжный марафон на Комеле;Лыжный марафон на Комеле (2019);12,5 СВ ХС 1/2 МАРАФОН;12,5
171;89;Лыжная гонка в ЦЛСиО Карпово;Лыжная гонка в ЦЛСиО Карпово (2019);20км;20
172;89;Лыжная гонка в ЦЛСиО Карпово;Лыжная гонка в ЦЛСиО Карпово (2019);10км;10
170;90;Командные эстафеты в ЦЛСиО Карпово;Командные эстафеты в ЦЛСиО Карпово (2019);5км;5
174;91;Харовский марафон;Харовский марафон (2019);50 СВ ХС МАРАФОН;50
175;91;Харовский марафон;Харовский марафон (2019);34 СВ ХС МАРАФОН;34
176;91;Харовский марафон;Харовский марафон (2019);34 СВ ХС 1/2 МАРАФОН;34
177;91;Харовский марафон;Харовский марафон (2019);17 СВ ХС 1/2 МАРАФОН;17
178;92;Гонка свободным стилем в Карпово;Гонка свободным стилем в Карпово (2019);15 км мужчины;15
179;92;Гонка свободным стилем в Карпово;Гонка свободным стилем в Карпово (2019);10 км женщины;10
169;93;Спринт в Васильевском;Спринт в Васильевском (2019);1.3км;1,3
173;95;"Тотемский марафон ""Русский Север""";"Тотемский марафон ""Русский Север"" (2019)";25км;25
181;96;Кросс-кантри, эстафета, ЦЛСиО Карпово;Кросс-кантри, эстафета, ЦЛСиО Карпово (2019);5 километров;5
182;97;Карповский марафон;Карповский марафон (2019);50км;50
183;97;Карповский марафон;Карповский марафон (2019);35км;35
184;97;Карповский марафон;Карповский марафон (2019);10км;10
188;98;ВелоМарафон Филина Гора;ВелоМарафон Филина Гора (2019);52км;52
189;98;ВелоМарафон Филина Гора;ВелоМарафон Филина Гора (2019);27км;27
191;98;ВелоМарафон Филина Гора;ВелоМарафон Филина Гора (2019);19км;19
192;99;Вологодские зори;Вологодские зори (2019);74км;74
193;99;Вологодские зори;Вологодские зори (2019);38км;38
194;99;Вологодские зори;Вологодские зори (2019);18км;18
195;100;Нагорный марафон;Нагорный марафон (2019);53км;53
196;100;Нагорный марафон;Нагорный марафон (2019);35км;35
197;100;Нагорный марафон;Нагорный марафон (2019);16км;16
208;101;"МТБ ультрамарафон ""Великий Лес""";"МТБ ультрамарафон ""Великий Лес"" (2019)";Ультрамарафон;74
209;101;"МТБ ультрамарафон ""Великий Лес""";"МТБ ультрамарафон ""Великий Лес"" (2019)";Марафон;55
210;101;"МТБ ультрамарафон ""Великий Лес""";"МТБ ультрамарафон ""Великий Лес"" (2019)";Полумарафон;22
211;102;Оларевская гряда;Оларевская гряда (2019);16 километров;16
185;103;Сметанино-марафон;Сметанино-марафон (2019);42 км;42
186;103;Сметанино-марафон;Сметанино-марафон (2019);21 км;21
187;103;Сметанино-марафон;Сметанино-марафон (2019);10 км;10
198;105;Стризневский марафон;Стризневский марафон (2019);21,1 км;21
199;105;Стризневский марафон;Стризневский марафон (2019);10 км;10
201;106;Кросс-кантри в Чернышово;Кросс-кантри в Чернышово (2019);Мастерс (5 кругов по 3 км);15
202;106;Кросс-кантри в Чернышово;Кросс-кантри в Чернышово (2019);Любители (2 круга по 3 км);6
203;107;Трейловый забег Филина Гора;Трейловый забег Филина Гора (2019);10км;10
204;107;Трейловый забег Филина Гора;Трейловый забег Филина Гора (2019);25км;25
205;108;Покровский полумарафон;Покровский полумарафон (2019);21км;21
206;108;Покровский полумарафон;Покровский полумарафон (2019);10км;10
207;108;Покровский полумарафон;Покровский полумарафон (2019);5км;5
212;110;Лыжный марафон на Комеле;Лыжный марафон на Комеле (2020);37 СВ ХС МАРАФОН;37
213;110;Лыжный марафон на Комеле;Лыжный марафон на Комеле (2020);15 СВ ХС МАРАФОН;15
214;110;Лыжный марафон на Комеле;Лыжный марафон на Комеле (2020);15 СВ ХС 1/2 МАРАФОН;15
215;110;Лыжный марафон на Комеле;Лыжный марафон на Комеле (2020);7,5 СВ ХС 1/2 марафон;7,5
216;111;Пролог в Вожеге;Пролог в Вожеге (2019);10км;10
217;111;Пролог в Вожеге;Пролог в Вожеге (2019);5км;5
218;112;"Тотемский марафон ""Русский Север""";"Тотемский марафон ""Русский Север"" (2020)";Марафон Мужчины;50
219;112;"Тотемский марафон ""Русский Север""";"Тотемский марафон ""Русский Север"" (2020)";Полумарафон Мужчины;25
220;112;"Тотемский марафон ""Русский Север""";"Тотемский марафон ""Русский Север"" (2020)";Марафон Женщины;30
227;113;Командные эстафеты в ЦЛСиО Карпово;Командные эстафеты в ЦЛСиО Карпово (2020);5км;5
225;114;Лыжная гонка в ЦЛСиО Карпово;Лыжная гонка в ЦЛСиО Карпово (2020);20 километров;20
226;114;Лыжная гонка в ЦЛСиО Карпово;Лыжная гонка в ЦЛСиО Карпово (2020);10 километров;10
221;115;Харовский марафон;Харовский марафон (2020);Марафон;50
222;115;Харовский марафон;Харовский марафон (2020);Марафон Женщины;30
223;115;Харовский марафон;Харовский марафон (2020);Полумарафон;25
224;115;Харовский марафон;Харовский марафон (2020);Полумарафон Женщины;15
265;116;Кросс-кантри, эстафета, ЦЛСиО Карпово;Кросс-кантри, эстафета, ЦЛСиО Карпово (2020);Эстафета;20
228;117;Карповский марафон;Карповский марафон (2020);Classic 56км;56
229;117;Карповский марафон;Карповский марафон (2020);Light 30км;30
230;117;Карповский марафон;Карповский марафон (2020);Fitness 13км;13
247;118;ВелоМарафон Филина Гора;ВелоМарафон Филина Гора (2020);Марафон;56
248;118;ВелоМарафон Филина Гора;ВелоМарафон Филина Гора (2020);Полумарафон;28
249;118;ВелоМарафон Филина Гора;ВелоМарафон Филина Гора (2020);Фитнесс;20
256;119;Нагорный марафон;Нагорный марафон (2020);Марафон;54
257;119;Нагорный марафон;Нагорный марафон (2020);Полумарафон;27
258;119;Нагорный марафон;Нагорный марафон (2020);Фитнесс;18
262;120;Вологодские зори;Вологодские зори (2020);Марафон;52
263;120;Вологодские зори;Вологодские зори (2020);Полумарафон;26
264;120;Вологодские зори;Вологодские зори (2020);Fitness;20
259;121;"МТБ ультрамарафон ""Великий Лес""";"МТБ ультрамарафон ""Великий Лес"" (2020)";Ультрамарафон;74
260;121;"МТБ ультрамарафон ""Великий Лес""";"МТБ ультрамарафон ""Великий Лес"" (2020)";Марафон;55
261;121;"МТБ ультрамарафон ""Великий Лес""";"МТБ ультрамарафон ""Великий Лес"" (2020)";Полумарафон;22
234;123;Стризневский марафон;Стризневский марафон (2020);500 метров;0,5
235;123;Стризневский марафон;Стризневский марафон (2020);5 км;5
236;123;Стризневский марафон;Стризневский марафон (2020);10 км;10
237;123;Стризневский марафон;Стризневский марафон (2020);21 км;21
238;124;Сметанино-марафон;Сметанино-марафон (2020);Марафон 42км;42
239;124;Сметанино-марафон;Сметанино-марафон (2020);Полумарафон 21км;21
240;124;Сметанино-марафон;Сметанино-марафон (2020);Lite 10км;10
241;124;Сметанино-марафон;Сметанино-марафон (2020);Fitness 5км;5
254;125;Трейловый забег Филина Гора;Трейловый забег Филина Гора (2020);28км;28
255;125;Трейловый забег Филина Гора;Трейловый забег Филина Гора (2020);10км;10
266;127;Покровский полумарафон;Покровский полумарафон (2020);21км;21
267;127;Покровский полумарафон;Покровский полумарафон (2020);10км;10
268;127;Покровский полумарафон;Покровский полумарафон (2020);5км;5
231;128;Верховажский марафон;Верховажский марафон (2020);50 СВ ХС МАРАФОН;50
232;128;Верховажский марафон;Верховажский марафон (2020);20 СВ ХС МАРАФОН;20
233;128;Верховажский марафон;Верховажский марафон (2020);20 СВ ХС 1/2 МАРАФОН;20
242;129;Явенгская лыжная гонка памяти Г.А.Коптелова;Явенгская лыжная гонка памяти Г.А.Коптелова (2021);15 км;15
243;129;Явенгская лыжная гонка памяти Г.А.Коптелова;Явенгская лыжная гонка памяти Г.А.Коптелова (2021);10 км;10
244;130;"Гонка с препятствиями ""Вологодские Лоси"" осень";"Гонка с препятствиями ""Вологодские Лоси"" осень (2020)";PRO;n/a
245;130;"Гонка с препятствиями ""Вологодские Лоси"" осень";"Гонка с препятствиями ""Вологодские Лоси"" осень (2020)";FAN;n/a
246;130;"Гонка с препятствиями ""Вологодские Лоси"" осень";"Гонка с препятствиями ""Вологодские Лоси"" осень (2020)";Team;n/a
253;131;Контрольная тренировка в Нагорье;Контрольная тренировка в Нагорье (2020);Девушки;15
252;131;Контрольная тренировка в Нагорье;Контрольная тренировка в Нагорье (2020);Любители;15
251;131;Контрольная тренировка в Нагорье;Контрольная тренировка в Нагорье (2020);Мастера;54
250;131;Контрольная тренировка в Нагорье;Контрольная тренировка в Нагорье (2020);Эксперты;18
269;133;Подведение итогов Кубка лыжных марафонов;Подведение итогов Кубка лыжных марафонов (2016);Общая;n/a
270;134;Подведение итогов Кубка лыжных марафонов;Подведение итогов Кубка лыжных марафонов (2017);Общая;n/a
271;135;Подведение итогов Кубка лыжных марафонов;Подведение итогов Кубка лыжных марафонов (2018);Общая;n/a
272;136;Подведение итогов Кубка лыжных марафонов;Подведение итогов Кубка лыжных марафонов (2019);Общая;n/a
273;137;Подведение итогов Кубка веломарафонов;Подведение итогов Кубка веломарафонов (2016);Общая;n/a
274;138;Подведение итогов Кубка веломарафонов;Подведение итогов Кубка веломарафонов (2017);Общая;n/a
275;139;Подведение итогов Кубка веломарафонов;Подведение итогов Кубка веломарафонов (2018);Общая;n/a
276;140;Подведение итогов Кубка веломарафонов;Подведение итогов Кубка веломарафонов (2019);Общая;n/a
277;141;Подведение итогов Кубка веломарафонов;Подведение итогов Кубка веломарафонов (2020);Подведение итогов;n/a
283;142;Пролог в Вожеге;Пролог в Вожеге (2020);10км;10
284;142;Пролог в Вожеге;Пролог в Вожеге (2020);5км;5
278;143;Лыжный марафон на Комеле;Лыжный марафон на Комеле (2021);50 СВ ХС МАРАФОН;50
279;143;Лыжный марафон на Комеле;Лыжный марафон на Комеле (2021);25 СВ ХС МАРАФОН;25
280;143;Лыжный марафон на Комеле;Лыжный марафон на Комеле (2021);25 СВ ХС 1/2 МАРАФОН;25
281;143;Лыжный марафон на Комеле;Лыжный марафон на Комеле (2021);12,5 СВ ХС 1/4 МАРАФОН;12,5
282;143;Лыжный марафон на Комеле;Лыжный марафон на Комеле (2021);12,5 СВ ХС 1/2 марафон;12,5
287;144;Командные эстафеты в ЦЛСиО Карпово;Командные эстафеты в ЦЛСиО Карпово (2021);Эстафета 5км - женщины;5
299;144;Командные эстафеты в ЦЛСиО Карпово;Командные эстафеты в ЦЛСиО Карпово (2021);Эстафета 5км - мужчины;5
285;145;Лыжная гонка в ЦЛСиО Карпово;Лыжная гонка в ЦЛСиО Карпово (2021);20 км Мужчины;20
286;145;Лыжная гонка в ЦЛСиО Карпово;Лыжная гонка в ЦЛСиО Карпово (2021);10км Женщины;10
289;146;"Тотемский марафон ""Русский Север""";"Тотемский марафон ""Русский Север"" (2021)";Марафон 50км;50
290;146;"Тотемский марафон ""Русский Север""";"Тотемский марафон ""Русский Север"" (2021)";Полумарафон 25км;25
291;146;"Тотемский марафон ""Русский Север""";"Тотемский марафон ""Русский Север"" (2021)";Марафон 25км;25
292;146;"Тотемский марафон ""Русский Север""";"Тотемский марафон ""Русский Север"" (2021)";Полумарафон М 16км;16
297;146;"Тотемский марафон ""Русский Север""";"Тотемский марафон ""Русский Север"" (2021)";Полумарафон Ж 16км;16
293;147;Харовский марафон;Харовский марафон (2021);50 СВ ХС МАРАФОН;50
294;147;Харовский марафон;Харовский марафон (2021);34 СВ ХС МАРАФОН;34
295;147;Харовский марафон;Харовский марафон (2021);34 СВ ХС 1/2 МАРАФОН;34
296;147;Харовский марафон;Харовский марафон (2021);17 СВ ХС 1/2 марафон;17
298;147;Харовский марафон;Харовский марафон (2021);17 СВ ХС 1/4 марафон;17
304;148;Стризневский марафон;Стризневский марафон (2021);21км;21
305;148;Стризневский марафон;Стризневский марафон (2021);10км;10
306;148;Стризневский марафон;Стризневский марафон (2021);5км;5
307;149;Кросс-кантри, эстафета, ЦЛСиО Карпово;Кросс-кантри, эстафета, ЦЛСиО Карпово (2021);Эстафета;20
308;150;Карповский марафон;Карповский марафон (2021);Марафон;44
309;150;Карповский марафон;Карповский марафон (2021);Полумарафон;24
310;150;Карповский марафон;Карповский марафон (2021);Fitness;12
312;151;Сметанино-марафон;Сметанино-марафон (2021);Марафон 42 км 195 м;42
313;151;Сметанино-марафон;Сметанино-марафон (2021);Полумарафон 21 км 97,5 м;21
314;151;Сметанино-марафон;Сметанино-марафон (2021);10 км;10
315;151;Сметанино-марафон;Сметанино-марафон (2021);5 км;5
319;152;ВелоМарафон Филина Гора;ВелоМарафон Филина Гора (2021);Марафон;56
320;152;ВелоМарафон Филина Гора;ВелоМарафон Филина Гора (2021);Полумарафон;28
321;152;ВелоМарафон Филина Гора;ВелоМарафон Филина Гора (2021);Fitness;20
322;153;Трейловый забег Филина Гора;Трейловый забег Филина Гора (2021);50 км (Ultra);50
323;153;Трейловый забег Филина Гора;Трейловый забег Филина Гора (2021);28 км (Classic);28
324;153;Трейловый забег Филина Гора;Трейловый забег Филина Гора (2021);10 км (Light);10
331;154;Нагорный марафон;Нагорный марафон (2021);Fitness;15
329;154;Нагорный марафон;Нагорный марафон (2021);Марафон;54
330;154;Нагорный марафон;Нагорный марафон (2021);Полумарафон;27
332;155;Вологодские зори;Вологодские зори (2021);Марафон;52
333;155;Вологодские зори;Вологодские зори (2021);Полумарафон;26
334;155;Вологодские зори;Вологодские зори (2021);Fitness;20
338;156;"МТБ ультрамарафон ""Великий Лес""";"МТБ ультрамарафон ""Великий Лес"" (2021)";Ультрамарафон 112км;112
339;156;"МТБ ультрамарафон ""Великий Лес""";"МТБ ультрамарафон ""Великий Лес"" (2021)";Марафон 56км;56
340;156;"МТБ ультрамарафон ""Великий Лес""";"МТБ ультрамарафон ""Великий Лес"" (2021)";Полумарафон 22км;22
335;157;"Ультрамарафон ""Великий Лес trail""";"Ультрамарафон ""Великий Лес trail"" (2021)";UltraTrail 100;100
336;157;"Ультрамарафон ""Великий Лес trail""";"Ультрамарафон ""Великий Лес trail"" (2021)";Trail 30;30
337;157;"Ультрамарафон ""Великий Лес trail""";"Ультрамарафон ""Великий Лес trail"" (2021)";Fitness 10;10
353;157;"Ультрамарафон ""Великий Лес trail""";"Ультрамарафон ""Великий Лес trail"" (2021)";Fitness 10 junior;10
350;158;Покровский полумарафон;Покровский полумарафон (2021);21 км 97,5 м;21
351;158;Покровский полумарафон;Покровский полумарафон (2021);10 км;10
352;158;Покровский полумарафон;Покровский полумарафон (2021);5 км;5
300;160;"Гонка с препятствиями ""Вологодские Лоси"" весна";"Гонка с препятствиями ""Вологодские Лоси"" весна (2021)";PRO;n/a
301;160;"Гонка с препятствиями ""Вологодские Лоси"" весна";"Гонка с препятствиями ""Вологодские Лоси"" весна (2021)";FAN;n/a
302;160;"Гонка с препятствиями ""Вологодские Лоси"" весна";"Гонка с препятствиями ""Вологодские Лоси"" весна (2021)";PRO TEAM;n/a
303;160;"Гонка с препятствиями ""Вологодские Лоси"" весна";"Гонка с препятствиями ""Вологодские Лоси"" весна (2021)";FAN TEAM;n/a
311;161;Подведение итогов Кубка лыжных марафонов;Подведение итогов Кубка лыжных марафонов (2021);Подведение итогов Кубка лыжных Марафонов;n/a
316;162;«ЗДОРОВЫЕ ЛЮДИ – ЗДОРОВЫЙ ГОРОД»;«ЗДОРОВЫЕ ЛЮДИ – ЗДОРОВЫЙ ГОРОД» (2021);Марафон;50
317;162;«ЗДОРОВЫЕ ЛЮДИ – ЗДОРОВЫЙ ГОРОД»;«ЗДОРОВЫЕ ЛЮДИ – ЗДОРОВЫЙ ГОРОД» (2021);Полумарафон;25
318;162;«ЗДОРОВЫЕ ЛЮДИ – ЗДОРОВЫЙ ГОРОД»;«ЗДОРОВЫЕ ЛЮДИ – ЗДОРОВЫЙ ГОРОД» (2021);Fitness;12
325;164;"Гонка с препятствиями ""Вологодские Лоси"" лето";"Гонка с препятствиями ""Вологодские Лоси"" лето (2021)";FAN TEAM;n/a
326;164;"Гонка с препятствиями ""Вологодские Лоси"" лето";"Гонка с препятствиями ""Вологодские Лоси"" лето (2021)";PRO;n/a
327;164;"Гонка с препятствиями ""Вологодские Лоси"" лето";"Гонка с препятствиями ""Вологодские Лоси"" лето (2021)";PRO TEAM;n/a
328;164;"Гонка с препятствиями ""Вологодские Лоси"" лето";"Гонка с препятствиями ""Вологодские Лоси"" лето (2021)";FAN;n/a
341;165;"Ночной трейл ""Бесов лес""";"Ночной трейл ""Бесов лес"" (2021)";5 километров;5
342;166;"Гонка с препятствиями ""Вологодские Лоси"" осень";"Гонка с препятствиями ""Вологодские Лоси"" осень (2021)";FAN TEAM;n/a
343;166;"Гонка с препятствиями ""Вологодские Лоси"" осень";"Гонка с препятствиями ""Вологодские Лоси"" осень (2021)";PRO;n/a
344;166;"Гонка с препятствиями ""Вологодские Лоси"" осень";"Гонка с препятствиями ""Вологодские Лоси"" осень (2021)";PRO TEAM;n/a
345;166;"Гонка с препятствиями ""Вологодские Лоси"" осень";"Гонка с препятствиями ""Вологодские Лоси"" осень (2021)";FAN;n/a
346;167;Kasarka Mtb;Kasarka Mtb (2021);Полная дистанция 44км;44
347;167;Kasarka Mtb;Kasarka Mtb (2021);Сокращённая дистанция 22км;22
348;167;Kasarka Mtb;Kasarka Mtb (2021);Облегчённая дистанция 10км;10
354;168;Подведение итогов Кубка веломарафонов;Подведение итогов Кубка веломарафонов (2021);Подведение итогов;n/a
360;169;Пролог в Вожеге;Пролог в Вожеге (2021);10км;10
361;169;Пролог в Вожеге;Пролог в Вожеге (2021);5км;5
362;170;Командная гонка Rock Ski Team;Командная гонка Rock Ski Team (2022);20км;20
355;171;Марафон «Кирики-Улита»;Марафон «Кирики-Улита» (2022);51 СВ ХС МАРАФОН;51
356;171;Марафон «Кирики-Улита»;Марафон «Кирики-Улита» (2022);34 СВ ХС МАРАФОН;34
357;171;Марафон «Кирики-Улита»;Марафон «Кирики-Улита» (2022);34 СВ ХС 2/3 МАРАФОН;34
358;171;Марафон «Кирики-Улита»;Марафон «Кирики-Улита» (2022);17 СВ ХС 1/3 МАРАФОН;17
359;171;Марафон «Кирики-Улита»;Марафон «Кирики-Улита» (2022);17 СВ ХС 1/2 марафон;17
368;172;"Тотемский марафон ""Русский Север""";"Тотемский марафон ""Русский Север"" (2022)";Марафон 50км;50
369;172;"Тотемский марафон ""Русский Север""";"Тотемский марафон ""Русский Север"" (2022)";Марафон 25км;25
370;172;"Тотемский марафон ""Русский Север""";"Тотемский марафон ""Русский Север"" (2022)";Полумарафон 25км;25
371;172;"Тотемский марафон ""Русский Север""";"Тотемский марафон ""Русский Север"" (2022)";Открытая дистанция 16км;16
372;173;Харовский марафон;Харовский марафон (2022);51 СВ ХС МАРАФОН;51
373;173;Харовский марафон;Харовский марафон (2022);34 СВ ХС МАРАФОН;34
374;173;Харовский марафон;Харовский марафон (2022);34 CB XC 2/3 МАРАФОН;34
375;173;Харовский марафон;Харовский марафон (2022);17 СВ ХС 1/3 марафон;17
396;174;Сямженский марафон;Сямженский марафон (2022);50 СВ ХС МАРАФОН;50
397;174;Сямженский марафон;Сямженский марафон (2022);25 СВ ХС МАРАФОН;25
398;174;Сямженский марафон;Сямженский марафон (2022);25 CB XC 1/2 МАРАФОН;25
399;174;Сямженский марафон;Сямженский марафон (2022);12 СВ ХС 1/4 марафон;12
413;175;Кросс-кантри, эстафета, ЦЛСиО Карпово;Кросс-кантри, эстафета, ЦЛСиО Карпово (2022);Эстафета;20
409;176;Карповский марафон;Карповский марафон (2022);Марафон;44
410;176;Карповский марафон;Карповский марафон (2022);Полумарафон;24
411;176;Карповский марафон;Карповский марафон (2022);Fitness;14
412;176;Карповский марафон;Карповский марафон (2022);Fitness квест;14
420;177;ВелоМарафон Филина Гора;ВелоМарафон Филина Гора (2022);Марафон;56
421;177;ВелоМарафон Филина Гора;ВелоМарафон Филина Гора (2022);Полумарафон;28
422;177;ВелоМарафон Филина Гора;ВелоМарафон Филина Гора (2022);Fitness;20
423;177;ВелоМарафон Филина Гора;ВелоМарафон Филина Гора (2022);Fitness квест;20
429;178;Нагорный марафон;Нагорный марафон (2022);Fitness;15
427;178;Нагорный марафон;Нагорный марафон (2022);Марафон;54
448;178;Нагорный марафон;Нагорный марафон (2022);400м;0,4
449;178;Нагорный марафон;Нагорный марафон (2022);800м;0,8
428;178;Нагорный марафон;Нагорный марафон (2022);Полумарафон;27
430;178;Нагорный марафон;Нагорный марафон (2022);Фитнесс-квест;18
431;179;Вологодские зори;Вологодские зори (2022);Марафон;52
432;179;Вологодские зори;Вологодские зори (2022);Полумарафон;26
433;179;Вологодские зори;Вологодские зори (2022);Fitness;20
434;179;Вологодские зори;Вологодские зори (2022);Фитнесс-квест;20
450;179;Вологодские зори;Вологодские зори (2022);500м;0,5
451;179;Вологодские зори;Вологодские зори (2022);1000м;1
435;180;"МТБ ультрамарафон ""Великий Лес""";"МТБ ультрамарафон ""Великий Лес"" (2022)";Ультрамарафон;74
436;180;"МТБ ультрамарафон ""Великий Лес""";"МТБ ультрамарафон ""Великий Лес"" (2022)";Марафон;55
437;180;"МТБ ультрамарафон ""Великий Лес""";"МТБ ультрамарафон ""Великий Лес"" (2022)";Fitness (Полумарафон);22
457;180;"МТБ ультрамарафон ""Великий Лес""";"МТБ ультрамарафон ""Великий Лес"" (2022)";800м;0,8
458;180;"МТБ ультрамарафон ""Великий Лес""";"МТБ ультрамарафон ""Великий Лес"" (2022)";1200м;1,2
363;181;"Гонка с препятствиями ""Вологодские Лоси"" весна";"Гонка с препятствиями ""Вологодские Лоси"" весна (2022)";PRO;n/a
364;181;"Гонка с препятствиями ""Вологодские Лоси"" весна";"Гонка с препятствиями ""Вологодские Лоси"" весна (2022)";STANDARD;n/a
365;181;"Гонка с препятствиями ""Вологодские Лоси"" весна";"Гонка с препятствиями ""Вологодские Лоси"" весна (2022)";1+1;n/a
366;181;"Гонка с препятствиями ""Вологодские Лоси"" весна";"Гонка с препятствиями ""Вологодские Лоси"" весна (2022)";PRO TEAM;n/a
367;181;"Гонка с препятствиями ""Вологодские Лоси"" весна";"Гонка с препятствиями ""Вологодские Лоси"" весна (2022)";FAN TEAM;n/a
388;182;Стризневский марафон;Стризневский марафон (2022);Марафон;42
389;182;Стризневский марафон;Стризневский марафон (2022);Полумарафон;21
390;182;Стризневский марафон;Стризневский марафон (2022);10км;10
391;182;Стризневский марафон;Стризневский марафон (2022);5км;5
404;183;Сметанино-марафон;Сметанино-марафон (2022);Марафон;42
405;183;Сметанино-марафон;Сметанино-марафон (2022);Полумарафон;21
406;183;Сметанино-марафон;Сметанино-марафон (2022);10км;10
407;183;Сметанино-марафон;Сметанино-марафон (2022);5км;5
408;183;Сметанино-марафон;Сметанино-марафон (2022);Скандинавская ходьба;5
424;184;Трейловый забег Филина Гора;Трейловый забег Филина Гора (2022);50км;50
425;184;Трейловый забег Филина Гора;Трейловый забег Филина Гора (2022);28км;28
426;184;Трейловый забег Филина Гора;Трейловый забег Филина Гора (2022);10км;10
444;185;"Ультрамарафон ""Великий Лес trail""";"Ультрамарафон ""Великий Лес trail"" (2022)";10км (дневная);10
445;185;"Ультрамарафон ""Великий Лес trail""";"Ультрамарафон ""Великий Лес trail"" (2022)";30км;30
446;185;"Ультрамарафон ""Великий Лес trail""";"Ультрамарафон ""Великий Лес trail"" (2022)";50км;50
459;186;Покровский полумарафон;Покровский полумарафон (2022);Полумарафон;21
460;186;Покровский полумарафон;Покровский полумарафон (2022);10км;10
461;186;Покровский полумарафон;Покровский полумарафон (2022);5км;5
376;187;Лыжный марафон памяти первого директора Тарногской ДЮСШ Ивана Антоновича Храпова;Лыжный марафон памяти первого директора Тарногской ДЮСШ Ивана Антоновича Храпова (2022);Марафон 30км;30
377;187;Лыжный марафон памяти первого директора Тарногской ДЮСШ Ивана Антоновича Храпова;Лыжный марафон памяти первого директора Тарногской ДЮСШ Ивана Антоновича Храпова (2022);Полумарафон 15км;15
378;188;Ведомственные старты МЧС;Ведомственные старты МЧС (2022);5км;5
379;188;Ведомственные старты МЧС;Ведомственные старты МЧС (2022);3км;3
380;189;Зимняя Спартакиада Союза городов центра и Северо-запада России. Лыжи, раздельный старт.;Зимняя Спартакиада Союза городов центра и Северо-запада России. Лыжи, раздельный старт. (2022);3км;3
381;189;Зимняя Спартакиада Союза городов центра и Северо-запада России. Лыжи, раздельный старт.;Зимняя Спартакиада Союза городов центра и Северо-запада России. Лыжи, раздельный старт. (2022);5км;5
382;189;Зимняя Спартакиада Союза городов центра и Северо-запада России. Лыжи, раздельный старт.;Зимняя Спартакиада Союза городов центра и Северо-запада России. Лыжи, раздельный старт. (2022);10км;10
383;190;Зимняя Спартакиада Союза городов центра и Северо-запада России. Лыжи,  эстафета;Зимняя Спартакиада Союза городов центра и Северо-запада России. Лыжи,  эстафета (2022);Эстафета М;10
384;190;Зимняя Спартакиада Союза городов центра и Северо-запада России. Лыжи,  эстафета;Зимняя Спартакиада Союза городов центра и Северо-запада России. Лыжи,  эстафета (2022);Эстафета Ж;5
385;191;Зимняя Спартакиада Союза городов центра и Северо-запада России. Зимний трейл;Зимняя Спартакиада Союза городов центра и Северо-запада России. Зимний трейл (2022);5км;5
386;192;Зимняя Спартакиада Союза городов центра и Северо-запада России. Зимний трейл эстафеты.;Зимняя Спартакиада Союза городов центра и Северо-запада России. Зимний трейл эстафеты. (2022);Эстафета 2,5км;2,5
387;193;"Лыжная гонка в зачёт Спартакиады ВРО ОГО ВФСО ""Динамо""";"Лыжная гонка в зачёт Спартакиады ВРО ОГО ВФСО ""Динамо"" (2022)";Лыжная гонка;20
392;194;Вологодский марафон;Вологодский марафон (2022);5км;5
393;194;Вологодский марафон;Вологодский марафон (2022);10км;10
394;194;Вологодский марафон;Вологодский марафон (2022);15км;15
395;194;Вологодский марафон;Вологодский марафон (2022);30км;30
400;195;Областные соревнования по лыжным гонкам памяти тренера Н. Дудорова;Областные соревнования по лыжным гонкам памяти тренера Н. Дудорова (2022);10 км.;10
401;195;Областные соревнования по лыжным гонкам памяти тренера Н. Дудорова;Областные соревнования по лыжным гонкам памяти тренера Н. Дудорова (2022);5 км.;5
403;196;Подведение итогов Кубка лыжных марафонов;Подведение итогов Кубка лыжных марафонов (2022);Закрытие сезона;n/a
416;197;Благотворительный забег «Помощь без границ»;Благотворительный забег «Помощь без границ» (2022);5км;5
417;197;Благотворительный забег «Помощь без границ»;Благотворительный забег «Помощь без границ» (2022);10км;10
418;197;Благотворительный забег «Помощь без границ»;Благотворительный забег «Помощь без границ» (2022);21км;21
419;198;"ХСО ""Каменная Гора""";"ХСО ""Каменная Гора"" (2022)";XCO;50
439;199;"Гонка с препятствиями ""Вологодские Лоси"" лето";"Гонка с препятствиями ""Вологодские Лоси"" лето (2022)";PRO;n/a
440;199;"Гонка с препятствиями ""Вологодские Лоси"" лето";"Гонка с препятствиями ""Вологодские Лоси"" лето (2022)";STANDARD;n/a
441;199;"Гонка с препятствиями ""Вологодские Лоси"" лето";"Гонка с препятствиями ""Вологодские Лоси"" лето (2022)";1+1;n/a
442;199;"Гонка с препятствиями ""Вологодские Лоси"" лето";"Гонка с препятствиями ""Вологодские Лоси"" лето (2022)";МАССОВЫЙ СТАРТ;n/a
443;199;"Гонка с препятствиями ""Вологодские Лоси"" лето";"Гонка с препятствиями ""Вологодские Лоси"" лето (2022)";FAN TEAM;n/a
452;200;"Гонка с препятствиями ""Вологодские Лоси"" осень";"Гонка с препятствиями ""Вологодские Лоси"" осень (2022)";PRO;n/a
453;200;"Гонка с препятствиями ""Вологодские Лоси"" осень";"Гонка с препятствиями ""Вологодские Лоси"" осень (2022)";STANDARD;n/a
454;200;"Гонка с препятствиями ""Вологодские Лоси"" осень";"Гонка с препятствиями ""Вологодские Лоси"" осень (2022)";1+1;n/a
455;200;"Гонка с препятствиями ""Вологодские Лоси"" осень";"Гонка с препятствиями ""Вологодские Лоси"" осень (2022)";МАССОВЫЙ СТАРТ;n/a
456;200;"Гонка с препятствиями ""Вологодские Лоси"" осень";"Гонка с препятствиями ""Вологодские Лоси"" осень (2022)";FAN TEAM;n/a
462;201;Подведение итогов Кубка веломарафонов;Подведение итогов Кубка веломарафонов (2022);Подведение итогов сезона;n/a
463;202;Пролог в Вожеге;Пролог в Вожеге (2022);10 километров мужчины;10
464;202;Пролог в Вожеге;Пролог в Вожеге (2022);5 километров женщины;5
465;203;Командная гонка Rock Ski Team;Командная гонка Rock Ski Team (2023);17 км;17
466;204;Марафон «Кирики-Улита»;Марафон «Кирики-Улита» (2023);51 СВ ХС МАРАФОН;51
467;204;Марафон «Кирики-Улита»;Марафон «Кирики-Улита» (2023);34 СВ ХС МАРАФОН;34
468;204;Марафон «Кирики-Улита»;Марафон «Кирики-Улита» (2023);34 СВ ХС 2/3 МАРАФОН;34
469;204;Марафон «Кирики-Улита»;Марафон «Кирики-Улита» (2023);17 СВ ХС 1/2 МАРАФОН;17
470;204;Марафон «Кирики-Улита»;Марафон «Кирики-Улита» (2023);17 СВ ХС 1/3 МАРАФОН;17
471;205;Харовский марафон;Харовский марафон (2023);50 СВ ХС МАРАФОН;50
472;205;Харовский марафон;Харовский марафон (2023);25 СВ ХС МАРАФОН;25
473;205;Харовский марафон;Харовский марафон (2023);25 CB XC 1/2 МАРАФОН;25
474;205;Харовский марафон;Харовский марафон (2023);12 СВ ХС;12
477;206;Лыжная гонка Кирики_классика;Лыжная гонка Кирики_классика (2023);50 км Марафон;50
478;206;Лыжная гонка Кирики_классика;Лыжная гонка Кирики_классика (2023);25 км Марафон;25
479;206;Лыжная гонка Кирики_классика;Лыжная гонка Кирики_классика (2023);25 км Полумарафон;25
480;206;Лыжная гонка Кирики_классика;Лыжная гонка Кирики_классика (2023);12 км Полумарафон;12
481;206;Лыжная гонка Кирики_классика;Лыжная гонка Кирики_классика (2023);12км 1/4 Марафон;12
483;207;Карповский марафон;Карповский марафон (2023);Марафон;44
484;207;Карповский марафон;Карповский марафон (2023);Полумарафон;24
485;207;Карповский марафон;Карповский марафон (2023);12 км;12
486;207;Карповский марафон;Карповский марафон (2023);700 м;0,7
487;207;Карповский марафон;Карповский марафон (2023);1200 м;1,5
482;208;Кросс-кантри, эстафета, ЦЛСиО Карпово;Кросс-кантри, эстафета, ЦЛСиО Карпово (2023);5 км;5
488;209;ВелоМарафон Филина Гора;ВелоМарафон Филина Гора (2023);Марафон;56
489;209;ВелоМарафон Филина Гора;ВелоМарафон Филина Гора (2023);Полумарафон;28
490;209;ВелоМарафон Филина Гора;ВелоМарафон Филина Гора (2023);17 км;17
491;209;ВелоМарафон Филина Гора;ВелоМарафон Филина Гора (2023);500 м;0,5
492;209;ВелоМарафон Филина Гора;ВелоМарафон Филина Гора (2023);1000 м;1
493;210;Нагорный марафон;Нагорный марафон (2023);Марафон;54
494;210;Нагорный марафон;Нагорный марафон (2023);Полумарафон;27
495;210;Нагорный марафон;Нагорный марафон (2023);22 км;22
496;210;Нагорный марафон;Нагорный марафон (2023);500 м;0,5
497;210;Нагорный марафон;Нагорный марафон (2023);800 м;0,8
498;211;Вологодские зори;Вологодские зори (2023);Марафон;52
499;211;Вологодские зори;Вологодские зори (2023);Полумарафон;26
500;211;Вологодские зори;Вологодские зори (2023);17 км;17
501;211;Вологодские зори;Вологодские зори (2023);600 м;0,6
502;211;Вологодские зори;Вологодские зори (2023);1000 м;1
503;212;"МТБ ультрамарафон ""Великий Лес""";"МТБ ультрамарафон ""Великий Лес"" (2023)";Ультрамарафон;74
504;212;"МТБ ультрамарафон ""Великий Лес""";"МТБ ультрамарафон ""Великий Лес"" (2023)";Марафон;55
505;212;"МТБ ультрамарафон ""Великий Лес""";"МТБ ультрамарафон ""Великий Лес"" (2023)";Полумарафон;24
506;212;"МТБ ультрамарафон ""Великий Лес""";"МТБ ультрамарафон ""Великий Лес"" (2023)";800 м;0,8
507;212;"МТБ ультрамарафон ""Великий Лес""";"МТБ ультрамарафон ""Великий Лес"" (2023)";1200 м;1,2
523;213;"Гонка с препятствиями ""Вологодские Лоси"" весна";"Гонка с препятствиями ""Вологодские Лоси"" весна (2023)";PRO;n/a
524;213;"Гонка с препятствиями ""Вологодские Лоси"" весна";"Гонка с препятствиями ""Вологодские Лоси"" весна (2023)";STANDARD;n/a
525;213;"Гонка с препятствиями ""Вологодские Лоси"" весна";"Гонка с препятствиями ""Вологодские Лоси"" весна (2023)";1+1;n/a
526;213;"Гонка с препятствиями ""Вологодские Лоси"" весна";"Гонка с препятствиями ""Вологодские Лоси"" весна (2023)";МАССОВЫЙ СТАРТ;n/a
527;213;"Гонка с препятствиями ""Вологодские Лоси"" весна";"Гонка с препятствиями ""Вологодские Лоси"" весна (2023)";FAN TEAM;n/a
545;214;"Гонка с препятствиями ""Вологодские Лоси"" лето";"Гонка с препятствиями ""Вологодские Лоси"" лето (2023)";PRO;n/a
546;214;"Гонка с препятствиями ""Вологодские Лоси"" лето";"Гонка с препятствиями ""Вологодские Лоси"" лето (2023)";STANDARD;n/a
547;214;"Гонка с препятствиями ""Вологодские Лоси"" лето";"Гонка с препятствиями ""Вологодские Лоси"" лето (2023)";1+1;n/a
548;214;"Гонка с препятствиями ""Вологодские Лоси"" лето";"Гонка с препятствиями ""Вологодские Лоси"" лето (2023)";МАССОВЫЙ СТАРТ;n/a
549;214;"Гонка с препятствиями ""Вологодские Лоси"" лето";"Гонка с препятствиями ""Вологодские Лоси"" лето (2023)";FAN TEAM;n/a
508;215;Стризневский марафон;Стризневский марафон (2023);42 км;42
509;215;Стризневский марафон;Стризневский марафон (2023);21 км;21
510;215;Стризневский марафон;Стризневский марафон (2023);10 км;10
511;215;Стризневский марафон;Стризневский марафон (2023);5 км;5
518;216;Сметанино-марафон;Сметанино-марафон (2023);42 км 195 м;42
519;216;Сметанино-марафон;Сметанино-марафон (2023);21 км 97,5 м;21
520;216;Сметанино-марафон;Сметанино-марафон (2023);10 км;10
521;216;Сметанино-марафон;Сметанино-марафон (2023);5 км;5
522;216;Сметанино-марафон;Сметанино-марафон (2023);Скандинавская ходьба;5
537;217;Трейловый забег Филина Гора;Трейловый забег Филина Гора (2023);50 км;50
538;217;Трейловый забег Филина Гора;Трейловый забег Филина Гора (2023);28 км;28
539;217;Трейловый забег Филина Гора;Трейловый забег Филина Гора (2023);12 км;12
540;217;Трейловый забег Филина Гора;Трейловый забег Филина Гора (2023);6 км;6
541;218;"Ультрамарафон ""Великий Лес trail""";"Ультрамарафон ""Великий Лес trail"" (2023)";50 км;50
542;218;"Ультрамарафон ""Великий Лес trail""";"Ультрамарафон ""Великий Лес trail"" (2023)";28 км;28
543;218;"Ультрамарафон ""Великий Лес trail""";"Ультрамарафон ""Великий Лес trail"" (2023)";12 км;12
544;218;"Ультрамарафон ""Великий Лес trail""";"Ультрамарафон ""Великий Лес trail"" (2023)";6 км;6
532;219;Покровский полумарафон;Покровский полумарафон (2023);21 км;21
533;219;Покровский полумарафон;Покровский полумарафон (2023);10 км;10
534;219;Покровский полумарафон;Покровский полумарафон (2023);5 км;5
535;219;Покровский полумарафон;Покровский полумарафон (2023);1200 м;1,2
536;219;Покровский полумарафон;Покровский полумарафон (2023);700 м;0,7
475;220;Лыжный марафон памяти первого директора Тарногской ДЮСШ Ивана Антоновича Храпова;Лыжный марафон памяти первого директора Тарногской ДЮСШ Ивана Антоновича Храпова (2023);30 км.;30
476;220;Лыжный марафон памяти первого директора Тарногской ДЮСШ Ивана Антоновича Храпова;Лыжный марафон памяти первого директора Тарногской ДЮСШ Ивана Антоновича Храпова (2023);17,5 км.;17,5
512;221;Чемпионат Вологодской области по лыжным гонкам - спринт;Чемпионат Вологодской области по лыжным гонкам - спринт (2023);Мужчины;2
513;221;Чемпионат Вологодской области по лыжным гонкам - спринт;Чемпионат Вологодской области по лыжным гонкам - спринт (2023);Женщины и девушки;15
514;222;Сияние Севера;Сияние Севера (2023);10 км;10
515;222;Сияние Севера;Сияние Севера (2023);20 км;20
516;222;Сияние Севера;Сияние Севера (2023);30 км;30
517;222;Сияние Севера;Сияние Севера (2023);50 км;20
528;223;Областные соревнования по лыжным гонкам памяти тренера Н. Дудорова;Областные соревнования по лыжным гонкам памяти тренера Н. Дудорова (2023);10 км;10
529;223;Областные соревнования по лыжным гонкам памяти тренера Н. Дудорова;Областные соревнования по лыжным гонкам памяти тренера Н. Дудорова (2023);5 км;5
530;223;Областные соревнования по лыжным гонкам памяти тренера Н. Дудорова;Областные соревнования по лыжным гонкам памяти тренера Н. Дудорова (2023);3 км;3
531;224;Подведение итогов Кубка лыжных марафонов;Подведение итогов Кубка лыжных марафонов (2023);Подведение итогов;n/a
550;225;Подведение итогов Кубка веломарафонов;Подведение итогов Кубка веломарафонов (2023);Подведение итогов сезона;n/a
551;226;МТБ-Гревел марафон Спас;МТБ-Гревел марафон Спас (2023);62 км;62
552;227;Пролог в Вожеге;Пролог в Вожеге (2023);10 километров мужчины;10
553;227;Пролог в Вожеге;Пролог в Вожеге (2023);5 километров женщины;5
554;228;Командная гонка Rock Ski Team;Командная гонка Rock Ski Team (2024);10 километров;10
555;228;Командная гонка Rock Ski Team;Командная гонка Rock Ski Team (2024);10 километров юноши;10
556;229;Марафон «Кирики-Улита»;Марафон «Кирики-Улита» (2024);51 СВ ХС МАРАФОН;51
557;229;Марафон «Кирики-Улита»;Марафон «Кирики-Улита» (2024);34 СВ ХС МАРАФОН;34
558;229;Марафон «Кирики-Улита»;Марафон «Кирики-Улита» (2024);34 СВ ХС 2/3 МАРАФОН;34
559;229;Марафон «Кирики-Улита»;Марафон «Кирики-Улита» (2024);17 СВ ХС 1/3 МАРАФОН;17
560;229;Марафон «Кирики-Улита»;Марафон «Кирики-Улита» (2024);17 СВ ХС 1/2 марафон;17
561;230;Харовский марафон;Харовский марафон (2024);50 СВ ХС МАРАФОН;50
562;230;Харовский марафон;Харовский марафон (2024);25 СВ ХС МАРАФОН;25
563;230;Харовский марафон;Харовский марафон (2024);25 СВ ХС 1/2 МАРАФОН;25
564;230;Харовский марафон;Харовский марафон (2024);12 СВ ХС 1/4 МАРАФОН;12
565;230;Харовский марафон;Харовский марафон (2024);12 СВ ХС 1/2 марафон;12
566;231;Лыжная гонка Кирики_классика;Лыжная гонка Кирики_классика (2024);30 км Мужчины;30
567;231;Лыжная гонка Кирики_классика;Лыжная гонка Кирики_классика (2024);15 км Мужчины;15
594;231;Лыжная гонка Кирики_классика;Лыжная гонка Кирики_классика (2024);30 км Женщины;30
595;231;Лыжная гонка Кирики_классика;Лыжная гонка Кирики_классика (2024);15 км Женщины;15
568;232;Лыжный марафон памяти первого директора Тарногской ДЮСШ Ивана Антоновича Храпова;Лыжный марафон памяти первого директора Тарногской ДЮСШ Ивана Антоновича Храпова (2024);30 км;30
569;232;Лыжный марафон памяти первого директора Тарногской ДЮСШ Ивана Антоновича Храпова;Лыжный марафон памяти первого директора Тарногской ДЮСШ Ивана Антоновича Храпова (2024);15 км мужчины;15
570;232;Лыжный марафон памяти первого директора Тарногской ДЮСШ Ивана Антоновича Храпова;Лыжный марафон памяти первого директора Тарногской ДЮСШ Ивана Антоновича Храпова (2024);15 км женщины;15
571;233;Стризневский марафон;Стризневский марафон (2024);42 км;42
572;233;Стризневский марафон;Стризневский марафон (2024);21 км;21
573;233;Стризневский марафон;Стризневский марафон (2024);10 км;10
574;233;Стризневский марафон;Стризневский марафон (2024);5 км;5
575;234;Новогодняя гонка;Новогодняя гонка (2023);10 км;10
576;234;Новогодняя гонка;Новогодняя гонка (2023);5 км;5
577;234;Новогодняя гонка;Новогодняя гонка (2023);3 км;3
578;235;Сияние Севера;Сияние Севера (2024);5 км;5
579;235;Сияние Севера;Сияние Севера (2024);17 км;17
580;235;Сияние Севера;Сияние Севера (2024);34 км;34
581;235;Сияние Севера;Сияние Севера (2024);51 км;51
582;236;Сметанино-марафон;Сметанино-марафон (2024);5 км;5
583;236;Сметанино-марафон;Сметанино-марафон (2024);10 км;10
584;236;Сметанино-марафон;Сметанино-марафон (2024);21 км 97,5 м;21
585;236;Сметанино-марафон;Сметанино-марафон (2024);42 км 195 м;42
586;236;Сметанино-марафон;Сметанино-марафон (2024);Северная ходьба;5
587;237;Трейловый забег Филина Гора;Трейловый забег Филина Гора (2024);50 км;50
588;237;Трейловый забег Филина Гора;Трейловый забег Филина Гора (2024);28 км;28
589;237;Трейловый забег Филина Гора;Трейловый забег Филина Гора (2024);12 км;12
590;237;Трейловый забег Филина Гора;Трейловый забег Филина Гора (2024);6 км;6
598;238;Кросс-кантри, эстафета, ЦЛСиО Карпово;Кросс-кантри, эстафета, ЦЛСиО Карпово (2024);5 км эстафета;5
599;239;Кросс-кантри, гонка, ЦЛСиО Карпово;Кросс-кантри, гонка, ЦЛСиО Карпово (2024);5 км кросс-кантри;5
600;240;Карповский марафон;Карповский марафон (2024);Марафон 50 км;50
601;240;Карповский марафон;Карповский марафон (2024);Полумарафон 30 км;30
602;240;Карповский марафон;Карповский марафон (2024);Light 11 км;11
603;240;Карповский марафон;Карповский марафон (2024);1500 м;1,5
604;240;Карповский марафон;Карповский марафон (2024);700 м;0,7
605;241;ВелоМарафон Филина Гора;ВелоМарафон Филина Гора (2024);Марафон 56 км;56
606;241;ВелоМарафон Филина Гора;ВелоМарафон Филина Гора (2024);Полумарафон 28 км;28
607;241;ВелоМарафон Филина Гора;ВелоМарафон Филина Гора (2024);Fitness 20 км;20
608;241;ВелоМарафон Филина Гора;ВелоМарафон Филина Гора (2024);1000 м;1
609;241;ВелоМарафон Филина Гора;ВелоМарафон Филина Гора (2024);500 м;0,5
610;242;Нагорный марафон;Нагорный марафон (2024);Марафон 55 км;55
611;242;Нагорный марафон;Нагорный марафон (2024);Полумарафон 28 км;28
612;242;Нагорный марафон;Нагорный марафон (2024);Fitness 18 км;18
613;242;Нагорный марафон;Нагорный марафон (2024);500 м;0,5
614;242;Нагорный марафон;Нагорный марафон (2024);800 м;0,8
615;243;Вологодские зори;Вологодские зори (2024);Марафон 56 км;56
616;243;Вологодские зори;Вологодские зори (2024);Полумарафон 28 км;28
617;243;Вологодские зори;Вологодские зори (2024);Fitness 17 км;17
618;243;Вологодские зори;Вологодские зори (2024);1000 м;1
619;243;Вологодские зори;Вологодские зори (2024);600 м;0,6
620;244;"МТБ ультрамарафон ""Великий Лес""";"МТБ ультрамарафон ""Великий Лес"" (2024)";Марафон 75 км;75
621;244;"МТБ ультрамарафон ""Великий Лес""";"МТБ ультрамарафон ""Великий Лес"" (2024)";Полумарафон 52 км;52
622;244;"МТБ ультрамарафон ""Великий Лес""";"МТБ ультрамарафон ""Великий Лес"" (2024)";Fitness 23 км;23
623;244;"МТБ ультрамарафон ""Великий Лес""";"МТБ ультрамарафон ""Великий Лес"" (2024)";1200 м;1,2
624;244;"МТБ ультрамарафон ""Великий Лес""";"МТБ ультрамарафон ""Великий Лес"" (2024)";800 м;0,8
631;245;"Ультрамарафон ""Великий Лес trail""";"Ультрамарафон ""Великий Лес trail"" (2024)";50 км;50
632;245;"Ультрамарафон ""Великий Лес trail""";"Ультрамарафон ""Великий Лес trail"" (2024)";28 км;28
633;245;"Ультрамарафон ""Великий Лес trail""";"Ультрамарафон ""Великий Лес trail"" (2024)";12 км;12
634;245;"Ультрамарафон ""Великий Лес trail""";"Ультрамарафон ""Великий Лес trail"" (2024)";6 км;6
652;245;"Ультрамарафон ""Великий Лес trail""";"Ультрамарафон ""Великий Лес trail"" (2024)";1000 м;1
653;245;"Ультрамарафон ""Великий Лес trail""";"Ультрамарафон ""Великий Лес trail"" (2024)";500 м;0,5
654;246;МТБ-Гревел марафон Спас;МТБ-Гревел марафон Спас (2024);60 км;60
625;247;Покровский полумарафон;Покровский полумарафон (2024);Полумарафон 21 км;21
626;247;Покровский полумарафон;Покровский полумарафон (2024);10 км;10
627;247;Покровский полумарафон;Покровский полумарафон (2024);5 км;5
628;247;Покровский полумарафон;Покровский полумарафон (2024);1200 м;1,2
629;247;Покровский полумарафон;Покровский полумарафон (2024);700 м;0,7
591;248;Областные соревнования по лыжным гонкам памяти тренера Н. Дудорова;Областные соревнования по лыжным гонкам памяти тренера Н. Дудорова (2024);10 км;10
592;248;Областные соревнования по лыжным гонкам памяти тренера Н. Дудорова;Областные соревнования по лыжным гонкам памяти тренера Н. Дудорова (2024);5 км;5
596;249;Ферапонтово-трейл;Ферапонтово-трейл (2024);20 км;20
597;249;Ферапонтово-трейл;Ферапонтово-трейл (2024);30 км;30
635;249;Ферапонтово-трейл;Ферапонтово-трейл (2024);7 км;7
650;249;Ферапонтово-трейл;Ферапонтово-трейл (2024);1 км;1
651;249;Ферапонтово-трейл;Ферапонтово-трейл (2024);500 м;0,5
630;250;Подведение итогов Кубка лыжных марафонов;Подведение итогов Кубка лыжных марафонов (2024);Подведение итогов сезона;n/a
637;251;"Индивидуальная велогонка  ""Экофорум35""";"Индивидуальная велогонка  ""Экофорум35"" (2024)";2 км шоссейные велосипеды мужчины;2
638;251;"Индивидуальная велогонка  ""Экофорум35""";"Индивидуальная велогонка  ""Экофорум35"" (2024)";2 км другие велосипеды мужчины;2
639;251;"Индивидуальная велогонка  ""Экофорум35""";"Индивидуальная велогонка  ""Экофорум35"" (2024)";2 км женщины;2
640;252;Массовый велозаезд - открытие сезона;Массовый велозаезд - открытие сезона (2024);Массовый велозаезд;2
641;253;"Велогонка ""День велосипедиста""";"Велогонка ""День велосипедиста"" (2024)";Беговелы;0,5
642;253;"Велогонка ""День велосипедиста""";"Велогонка ""День велосипедиста"" (2024)";500 метров;0,5
643;253;"Велогонка ""День велосипедиста""";"Велогонка ""День велосипедиста"" (2024)";1500 метров;1,5
644;253;"Велогонка ""День велосипедиста""";"Велогонка ""День велосипедиста"" (2024)";2000 метров;2
645;253;"Велогонка ""День велосипедиста""";"Велогонка ""День велосипедиста"" (2024)";4000 метров;4
646;254;Вохтожский полумарафон;Вохтожский полумарафон (2024);21 км;21
647;254;Вохтожский полумарафон;Вохтожский полумарафон (2024);10 км;10
648;254;Вохтожский полумарафон;Вохтожский полумарафон (2024);5 км;5
649;254;Вохтожский полумарафон;Вохтожский полумарафон (2024);1000 м;1
750;255;Лыжная гонка в гору, Ципина Гора;Лыжная гонка в гору, Ципина Гора (2025);Полуфиналы жеребьёвка;n/a
754;255;Лыжная гонка в гору, Ципина Гора;Лыжная гонка в гору, Ципина Гора (2025);1 забег полуфинал М;1,5
755;255;Лыжная гонка в гору, Ципина Гора;Лыжная гонка в гору, Ципина Гора (2025);2 забег полуфинал М;1,5
756;255;Лыжная гонка в гору, Ципина Гора;Лыжная гонка в гору, Ципина Гора (2025);3 забег полуфинал М;1,5
757;255;Лыжная гонка в гору, Ципина Гора;Лыжная гонка в гору, Ципина Гора (2025);4 забег полуфинал М;1,5
758;255;Лыжная гонка в гору, Ципина Гора;Лыжная гонка в гору, Ципина Гора (2025);1 забег полуфинал Ж;1,5
759;255;Лыжная гонка в гору, Ципина Гора;Лыжная гонка в гору, Ципина Гора (2025);2 забег полуфинал Ж;1,5
655;256;Подведение итогов Кубка веломарафонов;Подведение итогов Кубка веломарафонов (2024);Подведение итогов Кубка бега и веломарафонов;n/a
664;257;Лыжная гонка Кирики_классика;Лыжная гонка Кирики_классика (2025);20 километров;20
665;257;Лыжная гонка Кирики_классика;Лыжная гонка Кирики_классика (2025);10 километров;10
666;257;Лыжная гонка Кирики_классика;Лыжная гонка Кирики_классика (2025);10 километров юноши и девушки;10
667;257;Лыжная гонка Кирики_классика;Лыжная гонка Кирики_классика (2025);5 километров;5
656;258;Пролог в Вожеге;Пролог в Вожеге (2024);15 км;15
657;258;Пролог в Вожеге;Пролог в Вожеге (2024);7,5 км женщины;7,5
677;258;Пролог в Вожеге;Пролог в Вожеге (2024);7,5 км юноши и девушки;7,5
658;259;Марафон «Кирики-Улита»;Марафон «Кирики-Улита» (2025);50 СВ ХС МАРАФОН (изменена на 40км);50
659;259;Марафон «Кирики-Улита»;Марафон «Кирики-Улита» (2025);25 СВ ХС МАРАФОН;25
660;259;Марафон «Кирики-Улита»;Марафон «Кирики-Улита» (2025);12 СВ ХС 1/4 МАРАФОН;12
710;259;Марафон «Кирики-Улита»;Марафон «Кирики-Улита» (2025);12 СВ ХС 1/4 МАРАФОН юниоры;12
661;260;Харовский марафон;Харовский марафон (2025);50 СВ ХС МАРАФОН;50
662;260;Харовский марафон;Харовский марафон (2025);25 СВ ХС МАРАФОН;25
663;260;Харовский марафон;Харовский марафон (2025);12 СВ ХС МАРАФОН;12
668;261;"Скиатлон ""Еловый лес""";"Скиатлон ""Еловый лес"" (2025)";20 км;20
669;261;"Скиатлон ""Еловый лес""";"Скиатлон ""Еловый лес"" (2025)";10 км;10
670;262;Лыжный марафон памяти первого директора Тарногской ДЮСШ Ивана Антоновича Храпова;Лыжный марафон памяти первого директора Тарногской ДЮСШ Ивана Антоновича Храпова (2025);30;30
671;262;Лыжный марафон памяти первого директора Тарногской ДЮСШ Ивана Антоновича Храпова;Лыжный марафон памяти первого директора Тарногской ДЮСШ Ивана Антоновича Храпова (2025);15;15
672;262;Лыжный марафон памяти первого директора Тарногской ДЮСШ Ивана Антоновича Храпова;Лыжный марафон памяти первого директора Тарногской ДЮСШ Ивана Антоновича Храпова (2025);5;5
718;264;"Индивидуальная велогонка  ""Экофорум35""";"Индивидуальная велогонка  ""Экофорум35"" (2025)";Гонка с раздельным стартом;4
717;265;Кросс-кантри, гонка, ЦЛСиО Карпово;Кросс-кантри, гонка, ЦЛСиО Карпово (2025);5 км;5
711;266;Карповский марафон;Карповский марафон (2025);Марафон;44
712;266;Карповский марафон;Карповский марафон (2025);Полумарафон;24
713;266;Карповский марафон;Карповский марафон (2025);Fitness;12
714;266;Карповский марафон;Карповский марафон (2025);1500 м;1,5
715;266;Карповский марафон;Карповский марафон (2025);700 м;0,7
724;267;ВелоМарафон Филина Гора;ВелоМарафон Филина Гора (2025);56 км;56
725;267;ВелоМарафон Филина Гора;ВелоМарафон Филина Гора (2025);28 км;28
726;267;ВелоМарафон Филина Гора;ВелоМарафон Филина Гора (2025);20 км;20
727;267;ВелоМарафон Филина Гора;ВелоМарафон Филина Гора (2025);1000 м;1
728;267;ВелоМарафон Филина Гора;ВелоМарафон Филина Гора (2025);500 м;0,5
729;268;Нагорный марафон;Нагорный марафон (2025);54 км;54
730;268;Нагорный марафон;Нагорный марафон (2025);27 км;27
731;268;Нагорный марафон;Нагорный марафон (2025);18 км;18
732;268;Нагорный марафон;Нагорный марафон (2025);1 км;1
733;268;Нагорный марафон;Нагорный марафон (2025);500 м;0,5
734;269;Вологодские зори;Вологодские зори (2025);56 км;56
735;269;Вологодские зори;Вологодские зори (2025);28 км;28
736;269;Вологодские зори;Вологодские зори (2025);17 км;17
737;269;Вологодские зори;Вологодские зори (2025);1000 м;1
738;269;Вологодские зори;Вологодские зори (2025);500 м;0,5
739;270;"МТБ ультрамарафон ""Великий Лес""";"МТБ ультрамарафон ""Великий Лес"" (2025)";78 км;78
740;270;"МТБ ультрамарафон ""Великий Лес""";"МТБ ультрамарафон ""Великий Лес"" (2025)";55 км;55
741;270;"МТБ ультрамарафон ""Великий Лес""";"МТБ ультрамарафон ""Великий Лес"" (2025)";22 км;22
742;270;"МТБ ультрамарафон ""Великий Лес""";"МТБ ультрамарафон ""Великий Лес"" (2025)";1400 м;1,4
743;270;"МТБ ультрамарафон ""Великий Лес""";"МТБ ультрамарафон ""Великий Лес"" (2025)";800 м;0,8
673;271;Стризневский марафон;Стризневский марафон (2025);42 км;42
674;271;Стризневский марафон;Стризневский марафон (2025);21 км;21
675;271;Стризневский марафон;Стризневский марафон (2025);10 км;10
676;271;Стризневский марафон;Стризневский марафон (2025);5 км;5
678;272;Кирики-Улита Трейл;Кирики-Улита Трейл (2025);30 км;30
679;272;Кирики-Улита Трейл;Кирики-Улита Трейл (2025);12 км;12
680;272;Кирики-Улита Трейл;Кирики-Улита Трейл (2025);6 км;6
681;272;Кирики-Улита Трейл;Кирики-Улита Трейл (2025);1000 м;1
682;272;Кирики-Улита Трейл;Кирики-Улита Трейл (2025);500 м;0,5
683;273;Вохтожский полумарафон;Вохтожский полумарафон (2025);21 км;21
684;273;Вохтожский полумарафон;Вохтожский полумарафон (2025);10 км;10
685;273;Вохтожский полумарафон;Вохтожский полумарафон (2025);5 км;5
686;273;Вохтожский полумарафон;Вохтожский полумарафон (2025);1000 м;1
687;273;Вохтожский полумарафон;Вохтожский полумарафон (2025);600 м;0,6
688;274;Сметанино-марафон;Сметанино-марафон (2025);42 км;42
689;274;Сметанино-марафон;Сметанино-марафон (2025);21 км;21
690;274;Сметанино-марафон;Сметанино-марафон (2025);10 км;10
691;274;Сметанино-марафон;Сметанино-марафон (2025);5 км;5
692;274;Сметанино-марафон;Сметанино-марафон (2025);Северная ходьба;5
693;275;Трейловый забег Филина Гора;Трейловый забег Филина Гора (2025);50 км;50
694;275;Трейловый забег Филина Гора;Трейловый забег Филина Гора (2025);28 км;28
695;275;Трейловый забег Филина Гора;Трейловый забег Филина Гора (2025);12 км;12
696;275;Трейловый забег Филина Гора;Трейловый забег Филина Гора (2025);7 км;7
697;275;Трейловый забег Филина Гора;Трейловый забег Филина Гора (2025);1200 м;1,2
698;275;Трейловый забег Филина Гора;Трейловый забег Филина Гора (2025);700 м;0,7
699;276;"Ультрамарафон ""Великий Лес trail""";"Ультрамарафон ""Великий Лес trail"" (2025)";50 км;50
700;276;"Ультрамарафон ""Великий Лес trail""";"Ультрамарафон ""Великий Лес trail"" (2025)";28 км;28
701;276;"Ультрамарафон ""Великий Лес trail""";"Ультрамарафон ""Великий Лес trail"" (2025)";12 км;12
702;276;"Ультрамарафон ""Великий Лес trail""";"Ультрамарафон ""Великий Лес trail"" (2025)";7 км;7
703;276;"Ультрамарафон ""Великий Лес trail""";"Ультрамарафон ""Великий Лес trail"" (2025)";1200 м;1,2
704;276;"Ультрамарафон ""Великий Лес trail""";"Ультрамарафон ""Великий Лес trail"" (2025)";600 м;0,6
744;277;Ферапонтово-трейл;Ферапонтово-трейл (2025);45 км;45
745;277;Ферапонтово-трейл;Ферапонтово-трейл (2025);23 км;23
746;277;Ферапонтово-трейл;Ферапонтово-трейл (2025);12 км;12
747;277;Ферапонтово-трейл;Ферапонтово-трейл (2025);6 км;6
748;277;Ферапонтово-трейл;Ферапонтово-трейл (2025);1200 м;1,2
749;277;Ферапонтово-трейл;Ферапонтово-трейл (2025);500 м;0,5
705;278;Покровский полумарафон;Покровский полумарафон (2025);21 км;21
706;278;Покровский полумарафон;Покровский полумарафон (2025);10 км;10
707;278;Покровский полумарафон;Покровский полумарафон (2025);5 км;5
708;278;Покровский полумарафон;Покровский полумарафон (2025);1200 м;1,2
709;278;Покровский полумарафон;Покровский полумарафон (2025);700 м;0,7
716;279;Кросс-кантри, эстафета, ЦЛСиО Карпово;Кросс-кантри, эстафета, ЦЛСиО Карпово (2025);5 км эстафета;5
719;280;Черника трейл;Черника трейл (2025);К1;1
720;280;Черника трейл;Черника трейл (2025);К5;5
721;280;Черника трейл;Черника трейл (2025);К10;10
722;280;Черника трейл;Черника трейл (2025);К25;25
723;281;Ультрамарафон «Green Yard Sprint»;Ультрамарафон «Green Yard Sprint» (2025);Ультрамарафон;13
751;282;Финалы спринта Ципина Гора;Финалы спринта Ципина Гора (2025);Финал мужчины;1,5
752;282;Финалы спринта Ципина Гора;Финалы спринта Ципина Гора (2025);Утешительный забег мужчины;1,5
753;282;Финалы спринта Ципина Гора;Финалы спринта Ципина Гора (2025);Финал женщины;1,5
760;283;"Велогонка ""День велосипедиста""";"Велогонка ""День велосипедиста"" (2025)";10000 метров;10
761;283;"Велогонка ""День велосипедиста""";"Велогонка ""День велосипедиста"" (2025)";2000 метров;2
762;283;"Велогонка ""День велосипедиста""";"Велогонка ""День велосипедиста"" (2025)";1500 метров;1,5
763;283;"Велогонка ""День велосипедиста""";"Велогонка ""День велосипедиста"" (2025)";1000 метров;1
765;283;"Велогонка ""День велосипедиста""";"Велогонка ""День велосипедиста"" (2025)";300 метров (беговелы);3
766;284;Трейл Вельские тропы;Трейл Вельские тропы (2025);Baby-Trail;3
767;284;Трейл Вельские тропы;Трейл Вельские тропы (2025);Junior-Trail;6
768;284;Трейл Вельские тропы;Трейл Вельские тропы (2025);Light-Trail;12
769;284;Трейл Вельские тропы;Трейл Вельские тропы (2025);Hard-Trail;21
770;287;Кросс Саломатские холмы;Кросс Саломатские холмы (2025);Кросс мужчины;12
771;287;Кросс Саломатские холмы;Кросс Саломатские холмы (2025);Кросс девушки;8
773;288;Гонка кросс-кантри в Кириках-Улитах;Гонка кросс-кантри в Кириках-Улитах (2025);7,2км (2 круга);7,2
774;288;Гонка кросс-кантри в Кириках-Улитах;Гонка кросс-кантри в Кириках-Улитах (2025);14,4км (4 круга);14,4
775;289;Подведение итогов Кубка веломарафонов;Подведение итогов Кубка веломарафонов (2025);Подведение итогов;n/a
776;290;Марафон «Кирики-Улита»;Марафон «Кирики-Улита» (2026);50 СВ ХС МАРАФОН;50
777;290;Марафон «Кирики-Улита»;Марафон «Кирики-Улита» (2026);25 СВ ХС 1/2 МАРАФОН;25
778;290;Марафон «Кирики-Улита»;Марафон «Кирики-Улита» (2026);12 СВ ХС 1/4 марафон;12
779;291;Пролог в Вожеге;Пролог в Вожеге (2025);15 км;15
780;291;Пролог в Вожеге;Пролог в Вожеге (2025);7,5 км;7,5
786;291;Пролог в Вожеге;Пролог в Вожеге (2025);7,5 км юноши и девушки;7,5
790;292;Харовский марафон;Харовский марафон (2026);50 км;50
791;292;Харовский марафон;Харовский марафон (2026);25 км;25
792;292;Харовский марафон;Харовский марафон (2026);12 км;12
793;292;Харовский марафон;Харовский марафон (2026);5 км;5
801;293;Лыжная гонка Кирики_классика;Лыжная гонка Кирики_классика (2026);25 км;25
802;293;Лыжная гонка Кирики_классика;Лыжная гонка Кирики_классика (2026);10 км;10
803;294;"Скиатлон ""Еловый лес""";"Скиатлон ""Еловый лес"" (2026)";20 км;20
804;294;"Скиатлон ""Еловый лес""";"Скиатлон ""Еловый лес"" (2026)";10 км;10
781;295;Возвраты зима;Возвраты зима (2026);Основная;n/a
782;296;Зимний триатлон Череповец;Зимний триатлон Череповец (2026);Триатлон 5+10+10 км;25
783;296;Зимний триатлон Череповец;Зимний триатлон Череповец (2026);Триатлон 2+3+3 км;8
784;296;Зимний триатлон Череповец;Зимний триатлон Череповец (2026);Триатлон 4+6+6 км;14
785;296;Зимний триатлон Череповец;Зимний триатлон Череповец (2026);Дуатлон 1+1 км;2
787;297;Лыжный марафон памяти первого директора Тарногской ДЮСШ Ивана Антоновича Храпова;Лыжный марафон памяти первого директора Тарногской ДЮСШ Ивана Антоновича Храпова (2026);30 км;30
788;297;Лыжный марафон памяти первого директора Тарногской ДЮСШ Ивана Антоновича Храпова;Лыжный марафон памяти первого директора Тарногской ДЮСШ Ивана Антоновича Храпова (2026);15 км;15
789;297;Лыжный марафон памяти первого директора Тарногской ДЮСШ Ивана Антоновича Храпова;Лыжный марафон памяти первого директора Тарногской ДЮСШ Ивана Антоновича Храпова (2026);5 км;5
794;298;Стризневский марафон;Стризневский марафон (2026);42 км;42
795;298;Стризневский марафон;Стризневский марафон (2026);21 км;21
796;298;Стризневский марафон;Стризневский марафон (2026);10 км;10
797;298;Стризневский марафон;Стризневский марафон (2026);5 км;5
798;298;Стризневский марафон;Стризневский марафон (2026);2 км;2
799;298;Стризневский марафон;Стризневский марафон (2026);1000 м;1
800;298;Стризневский марафон;Стризневский марафон (2026);500 м;0,5
805;299;Кирики-Улита Трейл;Кирики-Улита Трейл (2026);30 км;30
806;299;Кирики-Улита Трейл;Кирики-Улита Трейл (2026);24 км;24
807;299;Кирики-Улита Трейл;Кирики-Улита Трейл (2026);12 км;12
808;299;Кирики-Улита Трейл;Кирики-Улита Трейл (2026);6 км;6
809;299;Кирики-Улита Трейл;Кирики-Улита Трейл (2026);1000 м;1
810;299;Кирики-Улита Трейл;Кирики-Улита Трейл (2026);600 м;0,6
869;299;Кирики-Улита Трейл;Кирики-Улита Трейл (2026);2 км;2
857;300;Сметанино-марафон;Сметанино-марафон (2026);42,2 км;42
858;300;Сметанино-марафон;Сметанино-марафон (2026);25 км трейл;25
859;300;Сметанино-марафон;Сметанино-марафон (2026);21,1 км;21
860;300;Сметанино-марафон;Сметанино-марафон (2026);10 км;10
861;300;Сметанино-марафон;Сметанино-марафон (2026);5 км;5
862;300;Сметанино-марафон;Сметанино-марафон (2026);Северная ходьба 5км;5
833;301;Трейловый забег Филина Гора;Трейловый забег Филина Гора (2026);35 км;35
834;301;Трейловый забег Филина Гора;Трейловый забег Филина Гора (2026);26 км;26
835;301;Трейловый забег Филина Гора;Трейловый забег Филина Гора (2026);11 км;11
836;301;Трейловый забег Филина Гора;Трейловый забег Филина Гора (2026);7 км;7
837;301;Трейловый забег Филина Гора;Трейловый забег Филина Гора (2026);3 км;3
838;301;Трейловый забег Филина Гора;Трейловый забег Филина Гора (2026);1200 м;1,2
839;301;Трейловый забег Филина Гора;Трейловый забег Филина Гора (2026);500 м;0,5
850;303;Ферапонтово-трейл;Ферапонтово-трейл (2026);50 км;50
851;303;Ферапонтово-трейл;Ферапонтово-трейл (2026);24 км;24
852;303;Ферапонтово-трейл;Ферапонтово-трейл (2026);12 км;12
853;303;Ферапонтово-трейл;Ферапонтово-трейл (2026);6 км;6
854;303;Ферапонтово-трейл;Ферапонтово-трейл (2026);2 км;2
855;303;Ферапонтово-трейл;Ферапонтово-трейл (2026);1200 м;1,2
856;303;Ферапонтово-трейл;Ферапонтово-трейл (2026);600 м;0,6
863;304;Покровский полумарафон;Покровский полумарафон (2026);21,1 км;21
864;304;Покровский полумарафон;Покровский полумарафон (2026);10 км;10
865;304;Покровский полумарафон;Покровский полумарафон (2026);5 км;5
866;304;Покровский полумарафон;Покровский полумарафон (2026);2 км;2
867;304;Покровский полумарафон;Покровский полумарафон (2026);1200 м;1,2
868;304;Покровский полумарафон;Покровский полумарафон (2026);700 м;0,7
816;306;"Индивидуальная велогонка  ""Экофорум35""";"Индивидуальная велогонка  ""Экофорум35"" (2026)";8 км;8
870;306;"Индивидуальная велогонка  ""Экофорум35""";"Индивидуальная велогонка  ""Экофорум35"" (2026)";2 км;2
832;307;Кросс-кантри, гонка, ЦЛСиО Карпово;Кросс-кантри, гонка, ЦЛСиО Карпово (2026);5 км;5
831;308;Кросс-кантри, эстафета, ЦЛСиО Карпово;Кросс-кантри, эстафета, ЦЛСиО Карпово (2026);5 км эстафета;5
811;309;Карповский марафон;Карповский марафон (2026);Марафон;44
812;309;Карповский марафон;Карповский марафон (2026);Полумарафон;24
813;309;Карповский марафон;Карповский марафон (2026);Фитнесс;12
814;309;Карповский марафон;Карповский марафон (2026);1500 м дети;1,5
815;309;Карповский марафон;Карповский марафон (2026);700 м дети;0,7
817;310;ВелоМарафон Филина Гора;ВелоМарафон Филина Гора (2026);Марафон 56 км;56
818;310;ВелоМарафон Филина Гора;ВелоМарафон Филина Гора (2026);Полумарафон 28 км;28
819;310;ВелоМарафон Филина Гора;ВелоМарафон Филина Гора (2026);Фитнесс 20 км;20
820;310;ВелоМарафон Филина Гора;ВелоМарафон Филина Гора (2026);1000 м;1
821;310;ВелоМарафон Филина Гора;ВелоМарафон Филина Гора (2026);500 м;0,5
840;311;Нагорный марафон;Нагорный марафон (2026);Марафон 55 км;55
841;311;Нагорный марафон;Нагорный марафон (2026);Полумарафон 27,5 км;27,5
842;311;Нагорный марафон;Нагорный марафон (2026);Фитнесс 16 км;16
843;311;Нагорный марафон;Нагорный марафон (2026);1 км;1
844;311;Нагорный марафон;Нагорный марафон (2026);500 м;0,5
845;312;"МТБ ультрамарафон ""Великий Лес""";"МТБ ультрамарафон ""Великий Лес"" (2026)";Классик 74 км;74
846;312;"МТБ ультрамарафон ""Великий Лес""";"МТБ ультрамарафон ""Великий Лес"" (2026)";Лайт 55 км;55
847;312;"МТБ ультрамарафон ""Великий Лес""";"МТБ ультрамарафон ""Великий Лес"" (2026)";Фитнесс 22 км;22
848;312;"МТБ ультрамарафон ""Великий Лес""";"МТБ ультрамарафон ""Великий Лес"" (2026)";1400 м;1,4
849;312;"МТБ ультрамарафон ""Великий Лес""";"МТБ ультрамарафон ""Великий Лес"" (2026)";800 м;0,8
822;314;Мартовские зайцы;Мартовские зайцы (2026);5000 метров;5
823;314;Мартовские зайцы;Мартовские зайцы (2026);1250 метров;1,25
824;314;Мартовские зайцы;Мартовские зайцы (2026);250 метров;0,25
825;314;Мартовские зайцы;Мартовские зайцы (2026);500 метров;0,5
826;315;Черника трейл;Черника трейл (2026);К1;1
827;315;Черника трейл;Черника трейл (2026);К5;5
828;315;Черника трейл;Черника трейл (2026);К10;10
829;315;Черника трейл;Черника трейл (2026);К25;25
830;316;Ультрамарафон «Green Yard Sprint»;Ультрамарафон «Green Yard Sprint» (2026);Ультрамарафон;13
