Alias;Канонический key;Название города в UI;canonical_city_id;region;region_id;country;Район
Архангельск / ski runners;Arkhangelsk;Архангельск;31;Архангельская Область;0;Россия;
Архангельская область;Arkhangelsk;Архангельск;31;Архангельская Область;0;Россия;
Ахангельская область;Arkhangelsk;Архангельск;31;Архангельская Область;0;Россия;
Вельск;Velsk;Вельск;79;Архангельская Область;0;Россия;
Г. каргополь (каргопольский район);Kargopol;Каргополь;226;Архангельская Область;0;Россия;
Котлас архангельской области;Kotlas;Котлас;278;Архангельская Область;0;Россия;
Няндома;Nyandoma;Няндома;418;Архангельская Область;0;Россия;
Онега;Onega;Онега;430;Архангельская Область;0;Россия;
Брянск;Bryansk;Брянск;69;Брянская Область;0;Россия;
Александров;Aleksandrov;Александров;18;Владимирская Область;0;Россия;
Гусь-хрустальный;Gus Khrustalnyy;Гусь-Хрустальный;140;Владимирская Область;0;Россия;
Карабаново;Karabanovo;Карабаново;223;Владимирская Область;0;Россия;
Vologda;Vologda;Вологда;98;Вологодская Область;0;Россия;Вологодский
Белозерск;Belozersk;Белозерск;44;Вологодская Область;0;Россия;Белозерский
Волгда;Vologda;Вологда;98;Вологодская Область;0;Россия;Вологодский
Вологла;Vologda;Вологда;98;Вологодская Область;0;Россия;Вологодский
Волоода;Vologda;Вологда;98;Вологодская Область;0;Россия;Вологодский
Вуологда;Vologda;Вологда;98;Вологодская Область;0;Россия;Вологодский
Вытегра;Vytegra;Вытегра;122;Вологодская Область;0;Россия;Вытегорский
Красавино;Krasavino;Красавино;280;Вологодская Область;0;Россия;Великоустюгский
Нововоронеж;Novovoronezh;Нововоронеж;404;Воронежская Область;0;Россия;
Ангарск;Angarsk;Ангарск;23;Иркутская область;0;Россия;
Иркутск;Irkutsk;Иркутск;208;Иркутская область;0;Россия;
Калининград;Kaliningrad;Калининград;215;Калининградская область;0;Россия;
Светлогорск;Svetlogorsk;Светлогорск;520;Калининградская область;0;Россия;
Белоусово;Belousovo;Белоусово;48;Калужская Область;0;Россия;
Калужская обл., г.таруса;Tarusa;Таруса;578;Калужская Область;0;Россия;
Киров;Kirov;Киров;237;Калужская Область;0;Россия;
Обнинск;Obninsk;Обнинск;419;Калужская Область;0;Россия;
Обнинск флго;Obninsk;Обнинск;419;Калужская Область;0;Россия;
Петрозаводск;Petrozavodsk;Петрозаводск;461;Карелия Республика;0;Россия;
Vyktil;Vuktyl;Вуктыл;113;Коми Республика;99;Россия;
Сосногорск;Sosnogorsk;Сосногорск;557;Коми Республика;0;Россия;
Ухта;Ukhta;Ухта;620;Коми Республика;0;Россия;
Буй, костромская обл.;Buy;Буй;72;Костромская Область;0;Россия;
Волгореченск;Volgorechensk;Волгореченск;96;Костромская Область;0;Россия;
Кострома;Kostroma;Кострома;275;Костромская Область;0;Россия;
Костромская обл. г.мантурово;Manturovo;Мантурово;340;Костромская Область;0;Россия;
Шарья;Sharya;Шарья;663;Костромская Область;0;Россия;
Шарья костромская область;Sharya;Шарья;663;Костромская Область;0;Россия;
Железногорск;Zheleznogorsk;Железногорск;171;Красноярский Край;0;Россия;
Всеволожск;Vsevolozhsk;Всеволожск;112;Ленинградская Область;0;Россия;
Гатчина;Gatchina;Гатчина;131;Ленинградская Область;0;Россия;
Ленинградская область город  сертолово;Sertolovo;Сертолово;532;Ленинградская Область;0;Россия;
Ленинградская облсть город сертолово;Sertolovo;Сертолово;532;Ленинградская Область;0;Россия;
Лодейное поле;Lodeynoe pole;Лодейное поле;327;Ленинградская Область;0;Россия;
Сертолово;Sertolovo;Сертолово;532;Ленинградская Область;0;Россия;
Тихвин;Tikhvin;Тихвин;581;Ленинградская Область;0;Россия;
Инсар;Insar;Инсар;204;Мордовия Республика;0;Россия;
Саранск;Saransk;Саранск;516;Мордовия Республика;0;Россия;
Балашиха, мкр. заря;Balashikha;Балашиха;36;Московская Область;0;Россия;
Долгопрудный;Dolgoprudnyy;Долгопрудный;153;Московская Область;0;Россия;
Дубна;Dubna;Дубна;157;Московская Область;0;Россия;
Коломна;Kolomna;Коломна;257;Московская Область;0;Россия;
Красноармейск;Krasnoarmeysk;Красноармейск;281;Московская Область;0;Россия;
Краснозаводск;Krasnozavodsk;Краснозаводск;286;Московская Область;0;Россия;
Люберцы;Lyubertsy;Люберцы;332;Московская Область;0;Россия;
Мытищи;Mytischi;Мытищи;373;Московская Область;0;Россия;
Протвино;Protvino;Протвино;485;Московская Область;0;Россия;
Раменское;Ramenskoe;Раменское;492;Московская Область;0;Россия;
Солнечногорск;Solnechnogorsk;Солнечногорск;551;Московская Область;0;Россия;
Фрязино;Fryazino;Фрязино;626;Московская Область;0;Россия;
Химки новогорск;Khimki;Химки;636;Московская Область;0;Россия;
Черноголовка;Chernogolovka;Черноголовка;653;Московская Область;0;Россия;
Чехов;Chekhov;Чехов;654;Московская Область;0;Россия;
Г.оленегорск-2;Olenegorsk;Оленегорск;427;Мурманская Область;0;Россия;
Мончегорск;Monchegorsk;Мончегорск;363;Мурманская Область;0;Россия;
Мурманск;Murmansk;Мурманск;369;Мурманская Область;0;Россия;
Арзамас;Arzamas;Арзамас;30;Нижегородская Область;0;Россия;
Ворсма;Vorsma;Ворсма;108;Нижегородская Область;0;Россия;
Выкса;Vyksa;Выкса;116;Нижегородская Область;0;Россия;
Заволжье;Zavolzhe;Заволжье;179;Нижегородская Область;0;Россия;
Кстово;Kstovo;Кстово;297;Нижегородская Область;0;Россия;
В. Новгород;Velikiy Novgorod;Великий Новгород;77;Новгородская Область;99;Россия;
Новосибирск;Novosibirsk;Новосибирск;411;Новосибирская Область;0;Россия;
Пенза;Penza;Пенза;446;Пензенская Область;0;Россия;
.пермь;Perm;Пермь;453;Пермский край;#Н/Д;Россия;
Г.александровск пермский край;Aleksandrovsk;Александровск;20;Пермский край;0;Россия;
Красновишерск;Krasnovishersk;Красновишерск;283;Пермский Край;0;Россия;
Пермский край г.александровск;Aleksandrovsk;Александровск;20;Пермский Край;0;Россия;
Пермский край г.кизел;Kizel;Кизел;229;Пермский Край;0;Россия;
Пермь;Perm;Пермь;453;Пермский Край;0;Россия;
Каменск-шахтинский;Kamensk-shakhtinskiy;Каменск-шахтинский;218;Ростовская Область;0;Россия;
Ростов-на-дону;Rostov-na-donu;Ростов-на-дону;501;Ростовская Область;0;Россия;
Рязань;Ryazan;Рязань;509;Рязанская Область;0;Россия;
Сасово рязанская область;Sasovo;Сасово;519;Рязанская Область;0;Россия;
Самара;Samara;Самара;513;Самарская Область;0;Россия;
Тольяти;Tolyatti;Тольятти;585;Самарская Область;0;Россия;
Тольятти;Tolyatti;Тольятти;585;Самарская Область;0;Россия;
Саратов;Saratov;Саратов;517;Саратовская Область;0;Россия;
Оха;Okha;Оха;435;Сахалинская Область;0;Россия;
Екатеринбург;Ekaterinburg;Екатеринбург;164;Свердловская Область;0;Россия;
Смоленск;Smolensk;Смоленск;544;Смоленская Область;0;Россия;
Моршанск;Morshansk;Моршанск;365;Тамбовская Область;0;Россия;
Бологое;Bologoe;Бологое;59;Тверская Область;0;Россия;
Тверь;Tver;Тверь;580;Тверская Область;0;Россия;
Удомля;Udomlya;Удомля;599;Тверская Область;0;Россия;
Ефремов;Efremov;Ефремов;170;Тульская Область;0;Россия;
Тула;Tula;Тула;594;Тульская Область;0;Россия;
Тюмень;Tyumen;Тюмень;596;Тюменская Область;0;Россия;
Ижевск;Izhevsk;Ижевск;197;Удмуртская Республика;0;Россия;
Димитровград;Dimitrovgrad;Димитровград;150;Ульяновская Область;0;Россия;
Ульяновск;Ulyanovsk;Ульяновск;602;Ульяновская Область;0;Россия;
Когалым;Kogalym;Когалым;250;Ханты-Мансийский АО - Югра Автономный округ;0;Россия;
Сургут;Surgut;Сургут;569;Ханты-Мансийский АО - Югра Автономный округ;0;Россия;
Троицк;Troitsk;Троицк;591;Челябинская Область;0;Россия;
Челябинск;Chelyabinsk;Челябинск;649;Челябинская Область;0;Россия;
Данилов;Danilov;Данилов;141;Ярославская Область;0;Россия;
Переславль-залесский;Pereslavl-zalesskiy;Переславль-залесский;451;Ярославская Область;0;Россия;
Рыбинск квмр.ру;Rybinsk;Рыбинск;508;Ярославская Область;0;Россия;
Углич;Uglich;Углич;597;Ярославская Область;0;Россия;
Ярославль г. - российская федерация, ярославская область;Yaroslavl;Ярославль;695;Ярославская Область;0;Россия;
Tampere;Tampere;Тампере;575;;0;Финляндия;
Vilnius;Vilnyus;Вильнюс;88;;0;Латвия;
Александровка;Aleksandrovka;Александровка;19;Саратовская Область;0;Россия;
Белый ручей;Belyy ruchey;Белый ручей;49;Вологодская Область;0;Россия;Вытегорский
Верхний волочёк;Verkhniy volochyok;Верхний волочёк;82;Тверская Область;0;Россия;
Верховажье-санкт-петербург;Verkhovazhe;Верховажье;85;Вологодская Область;0;Россия;Верховажский
Витебск;Vitebsk;Витебск;89;Витебская;0;Беларусь;
Власиха;Vlasikha;Власиха;91;Московская Область;0;Россия;
Вохтога;Vokhtoga;Вохтога;111;Вологодская Область;0;Россия;Междуреченский
Вышний волочёк;Vyshniy volochyok;Вышний волочёк;124;Тверская Область;0;Россия;
г.Курск с.Тазово;Tazovo;Тазово;573;Курская Область;99;Россия;
Гомель;Gomel;Гомель;134;Гомельская область;0;Беларусь;
Гомель беларусь;Gomel belarus;Гомель беларусь;135;Гомельская область;0;Беларусь;
Д. основинская;Oosnovinskaya;Основинская;431;Свердловская Область;0;Россия;
Д. плосково;Ploskovo;Плосково;467;Вологодская Область;0;Россия;Череповецкий
д.Микицыно;Mikitsyno;Микицыно;350;Вологодская Область;99;Россия;Вологодский
Д.сметанино;Smetanino;Сметанино;543;Вологодская Область;0;Россия;Верховажский
Деревня сметанино;Smetanino;Сметанино;543;Вологодская Область;0;Россия;Верховажский
Дмитров;Dmitrov;Дмитров;152;Московская Область;0;Россия;
Железнодоорожный;Zheleznodorozhnyy;Железнодорожный;172;Московская Область;0;Россия;
Железнодорожный;Zheleznodorozhnyy;Железнодорожный;172;Московская Область;0;Россия;
Запрудня;Zaprudnya;Запрудня;181;Московская Область;0;Россия;
Зеленоград;Zelenograd;Зеленоград;188;Московская Область;0;Россия;
Истра;Istra;Истра;209;Московская Область;0;Россия;
Кировская область;Kirovskaya oblast;Кировская область;240;Кировская Область;0;Россия;
Кичменгский городок;Kichmengskiy gorodok;Кичменгский городок;242;Вологодская Область;0;Россия;Кичменгско-Городецкий
Клин;Klin;Клин;244;Московская Область;0;Россия;
Королев;Korolev;Королев;268;Московская Область;0;Россия;
Липин бор;Lipin bor;Липин бор;324;Вологодская Область;0;Россия;Вашкинский
М;M;М;333;Вологодская Область;0;Россия;0
Минск;Minsk;Минск;352;Минская область;0;Россия;
Мск;Moskva;Москва;366;Москва;0;Россия;
Мурманская область, мурмаши;Murmashi;Мурмаши;370;Мурманская Область;0;Россия;
Мурмаши;Murmashi;Мурмаши;370;Мурманская Область;0;Россия;
Одинцово;Odintsovo;Одинцово;422;Московская Область;0;Россия;
Орел;Orel;Орел;432;Орловская Область;0;Россия;
П. вожега;Vozhega;Вожега;94;Вологодская Область;0;Россия;Вожегодский
П. шексна;Sheksna;Шексна;667;Вологодская Область;0;Россия;Шекснинский
П.тоншалово;Tonshalovo;Тоншалово;587;Вологодская Область;0;Россия;Череповецкий
П.федотово;Fedotovo;Федотово;623;Вологодская Область;0;Россия;Вологодский
Пгт. явас;pgt. yavas;пгт. Явас;444;Мордовия Республика;0;Россия;
Петербург;Sankt-Peterburg;Санкт-Петербург;515;Ленинградская Область;0;Россия;
Пос. космынино;Kosmynino;Космынино;272;Костромская Область;0;Россия;
Пос. шексна;Sheksna;Шексна;667;Вологодская Область;0;Россия;Шекснинский
Пос.юбилейный;Yubileynyy;Юбилейный;682;Вологодская Область;0;Россия;Тотемский
Пушкин;Pushkin;Пушкин;488;Ленинградская Область;0;Россия;
Р. п. коноша;Konosha;Коноша;266;Архангельская Область;0;Россия;
С. покровское;Pokrovskoe;Покровское;473;Вологодская Область;0;Россия;Вологодский
С.усть-алексеево;Ust-alekseevo;Усть-алексеево;611;Вологодская Область;0;Россия;Великоустюгский
Савинский;Savinskiy;Савинский;511;Вологодская Область;0;Россия;Харовский
Санкт петербург;Sankt- peterburg;Санкт- петербург;514;Ленинградская Область;0;Россия;
Санкт- петербург;Sankt- peterburg;Санкт- петербург;514;Ленинградская Область;0;Россия;
Санкт-петербург (dim-team);Sankt- peterburg;Санкт- петербург;514;Ленинградская Область;0;Россия;
Санкт-петербургу;Sankt- peterburg;Санкт- петербург;514;Ленинградская Область;0;Россия;
Санкт-петерубрг;Sankt- peterburg;Санкт- петербург;514;Ленинградская Область;0;Россия;
Сергиев посад;Sergiev Posad;Сергиев Посад;530;Московская Область;0;Россия;
Сергиев_посад;Sergiev Posad;Сергиев Посад;530;Московская Область;0;Россия;
Ск сивер молочное;Molochnoe;Молочное;361;Вологодская Область;0;Россия;Вологодский
Софрино;Sofrino;Софрино;558;Московская Область;0;Россия;
Спб;Sankt-Peterburg;Санкт-Петербург;515;Ленинградская Область;0;Россия;
С-пб/100%спорта;Sankt-Peterburg;Санкт-Петербург;515;Ленинградская Область;0;Россия;
Тарнога;Tarnogskiy gorodok;Тарногский городок;577;Вологодская Область;0;Россия;Тарногский
Токсово;Toksovo;Токсово;584;Ленинградская Область;0;Россия;
Тотемский район, поселок юбилейный;Yubileynyy;Юбилейный;682;Вологодская Область;0;Россия;Тотемский
Уткино;Utkino;Уткино;618;Вологодская Область;0;Россия;Вологодский
Хлынов;Khlynov;Хлынов;637;Кировская Область;0;Россия;
Чебсара;Chebsara;Чебсара;647;Вологодская Область;0;Россия;Шекснинский
Шангалы;Shangaly;Шангалы;662;Архангельская Область;0;Россия;
Швеция;Shvetsiya;Швеция;665;;0;Россия;
Шекснинский р.;Sheksninskiy rayon;Шекснинский район;668;Вологодская Область;0;Россия;Шекснинский
Шекснинский р-н;Sheksninskiy rayon;Шекснинский район;668;Вологодская Область;0;Россия;Шекснинский
Щелково;Schelkovo;Щелково;678;Московская Область;0;Россия;
Щёлково;Schelkovo;Щелково;678;Московская Область;0;Россия;
Юкки;Yukki;Юкки;685;;0;Финляндия;
35;Vologda;Вологда;98;Вологодская Область;#Н/Д;Россия;
Arkhangelsk;Arkhangelsk;Архангельск;31;Архангельская Область;30;Россия;
Cherepovest;Cherepovets;Череповец;650;Вологодская Область;0;Россия;Череповецкий
Cherepovets;Cherepovets;Череповец;650;Вологодская Область;36;Россия;Череповецкий
Cосногорск;Sosnogorsk;Сосногорск;557;Республика Коми;116;Россия;
Dernsk;Dernsk;Дернск;147;Республика Коми;116;Россия;
Ekaterinburg;Ekaterinburg;Екатеринбург;164;Свердловская Область;0;Россия;
Kostroma - yaroslavl;Kostroma;Кострома;275;Костромская Область;0;Россия;
Moscow;Moskva;Москва;366;Москва;0;Россия;
Ottendorf;Ottendorf;Ottendorf;13;Saxony;88;Германия;
Sofrino-1;Sofrino;Софрино;558;Московская Область;0;Россия;
Абакан;Abakan;Абакан;14;Хакасия Республика;20;Россия;
Автозаводский район;Nizhniy Novgorod;Нижний Новгород;397;Нижегородская Область;53;Россия;
Азов;Azov;Азов;15;Ростовская Область;62;Россия;
Аксеново;Aksenovo;Аксеново;16;Вологодская Область;36;Россия;Вологодский
Алабино;Alabino;Алабино;17;Московская Область;51;Россия;
Анадырь;Anadyr;Анадырь;22;Чукотский Автономный округ;83;Россия;
Анненский Мост;Annenskiy Most;Анненский Мост;25;Вологодская Область;36;Россия;Вытегорский
Апатиты;Appatity;Аппатиты;26;Мурманская Область;52;Россия;
Аппатиты;Appatity;Аппатиты;26;Мурманская Область;52;Россия;
Апрелевка;Aprelevka;Апрелевка;27;Московская Область;51;Россия;
Архангельск;Arkhangelsk;Архангельск;31;Архангельская Область;30;Россия;
Архангельск г;Arkhangelsk;Архангельск;31;Архангельская Область;30;Россия;
Архангельск, Архангельская обл, Россия;Arkhangelsk;Архангельск;31;Архангельская Область;30;Россия;
Архангельская область, Онежский район, г. Онега, ул. Первомайская, д. 40;Onega;Онега;430;Архангельская Область;30;Россия;
Б. Игнатово;Ignatovo;Игнатово;195;Мордовия Республика;14;Россия;
Бабаево;Babaevo;Бабаево;32;Вологодская Область;36;Россия;Бабаевский
Бабаево г;Babaevo;Бабаево;32;Вологодская Область;36;Россия;Бабаевский
Баймак;Baymak;Баймак;33;Башкортостан Республика;3;Россия;
Балакирево;Balakirevo;Балакирево;34;Владимирская Область;34;Россия;
Балахна;Balakhna;Балахна;35;Нижегородская Область;53;Россия;
Балашиха;Balashikha;Балашиха;36;Московская Область;51;Россия;
Барвиха;Barvikha;Барвиха;37;Московская Область;51;Россия;
Барыш;Barysh;Барыш;38;Ульяновская Область;74;Россия;
Бегуницы;Begunitsy;Бегуницы;39;Ленинградская Область;48;Россия;
Белая Холуница;Belaya Kholunitsa;Белая Холуница;40;Кировская Область;44;Россия;
Белгород;Belgorod;Белгород;41;Белгородская Область;32;Россия;
Белград;Belgrad;Белград;42;Белград;109;Сербия;
Белоево;Beloevo;Белоево;43;Пермский Край;60;Россия;
Белозерский район, д. Зорино;Zorino;Зорино;190;Вологодская Область;36;Россия;Белозерский
Беломорск;Belomorsk;Беломорск;45;Карелия Республика;11;Россия;
Белоомут;Beloomut;Белоомут;46;Московская Область;51;Россия;
Белореченск;Belorechensk;Белореченск;47;Краснодарский Край;24;Россия;
Бердск;Berdsk;Бердск;50;Новосибирская Область;55;Россия;
Бережное;Berezhnoe;Бережное;51;Вологодская Область;36;Россия;Усть-Кубенский
Березники;Berezniki;Березники;52;Пермский Край;60;Россия;
Березовский;Berezovskiy;Березовский;53;Свердловская Область;67;Россия;
Берёзовский;Beryozovskiy;Берёзовский;54;Кемеровская Область;43;Россия;
Бирюлево;Biryulevo;Бирюлево;55;г. Москва;122;Россия;
Боброво;Bobrovo;Боброво;57;Московская Область;51;Россия;
Богородск;Bogorodsk;Богородск;58;Нижегородская Область;53;Россия;
Болохово;Bolokhovo;Болохово;60;Тульская Область;72;Россия;
Большое Ефимово;Bolshoe Efimovo;Большое Ефимово;61;Вологодская Область;36;Россия;Верховажский
Большое Игнатово;Bolshoe Ignatovo;Большое Игнатово;62;Мордовия Республика;14;Россия;
Бор;Bor;Бор;64;Нижегородская Область;53;Россия;
Борисово;Borisovo;Борисово;65;г. Москва;122;Россия;
Борисово-Судское;Borisovo-Sudskoe;Борисово-Судское;66;Вологодская Область;36;Россия;Бабаевский
Боровичи;Borovichi;Боровичи;67;Новгородская Область;54;Россия;
Бронницы;Bronnitsy;Бронницы;68;Московская Область;51;Россия;
Брянск, рп Белые Берега;Bryansk, rp Belye Berega;Брянск, рп Белые Берега;70;Брянская Область;33;Россия;
Бужарово Истра;Buzharovo Istra;Бужарово Истра;71;Московская Область;51;Россия;
Буй;Buy;Буй;72;Костромская Область;45;Россия;
Быково;Bykovo;Быково;73;Московская Область;51;Россия;
В;V;В;74;Вологодская Область;36;Россия;Вологодский
Васильевское;Vasilevskoe;Васильевское;76;Вологодская Область;36;Россия;Вологодский
Ве;Velsk;Вельск;79;Архангельская Область;30;Россия;
Великий Новгород;Velikiy Novgorod;Великий Новгород;77;Новгородская Область;54;Россия;
Великий Новгоррд;Velikiy Novgorod;Великий Новгород;77;Новгородская Область;54;Россия;
Великий устюг;Velikiy Ustyug;Великий Устюг;78;Вологодская Область;36;Россия;Великоустюгский
Вельский район дер. Юхнёво;Velskiy rayon der. Yukhnyovo;Вельский район дер. Юхнёво;80;Архангельская Область;30;Россия;
Вельский район, деревня Филяевская;Velskiy rayon, derevnya Filyaevskaya;Вельский район, деревня Филяевская;81;Архангельская Область;30;Россия;
Верхняя Пышма;Verkhnyaya Pyshma;Верхняя Пышма;83;Свердловская Область;67;Россия;
Верховажский округ, с. Морозово;Verkhovazhskiy okrug, s. Morozovo;Верховажский округ, с. Морозово;84;Вологодская Область;36;Россия;Верховажский
Верховажский р-н;Verkhovazhe;Верховажье;85;Вологодская Область;36;Россия;Верховажский
Верховажский р-он,  с. Чушевицы;Chushevitsy;Чушевицы;661;Вологодская Область;36;Россия;Верховажский
Верховажье;Verkhovazhe;Верховажье;85;Вологодская Область;36;Россия;Верховажский
Верхошижемье;Verkhoshizheme;Верхошижемье;86;Кировская Область;44;Россия;
Видное;Vidnoe;Видное;87;Московская Область;51;Россия;
Владимир;Vladimir;Владимир;90;Владимирская Область;34;Россия;
Внуково;Vnukovo;Внуково;92;г. Москва;122;Россия;
Вогогда;Vologda;Вологда;98;Вологодская Область;36;Россия;Вологодский
Водный;Vodnyy;Водный;93;Республика Коми;116;Россия;
Вожега;Vozhega;Вожега;94;Вологодская Область;36;Россия;Вожегодский
Вожегодский район;Vozhega;Вожега;94;Вологодская Область;36;Россия;Вожегодский
Волгоград;Volgograd;Волгоград;95;Волгоградская Область;35;Россия;
Волжск;Volzhsk;Волжск;97;Республика Марий Эл;119;Россия;
Вологда;Vologda;Вологда;98;Вологодская Область;36;Россия;Вологодский
Вологда (Вологодская) (Северо-Западный);Vologda;Вологда;98;Вологодская Область;36;Россия;Вологодский
Вологда / АгВ;Vologda;Вологда;98;Вологодская Область;36;Россия;Вологодский
"Вологда / движение ""о""";Vologda;Вологда;98;Вологодская Область;36;Россия;Вологодский
Вологда | Бежим вместе;Vologda;Вологда;98;Вологодская Область;36;Россия;Вологодский
Вологда | Стеклокомпозит35;Vologda;Вологда;98;Вологодская Область;36;Россия;Вологодский
Вологда 1;Vologda;Вологда;98;Вологодская Область;36;Россия;Вологодский
Вологда Вологодская обл., Россия;Vologda;Вологда;98;Вологодская Область;36;Россия;Вологодский
Вологда г;Vologda;Вологда;98;Вологодская Область;36;Россия;Вологодский
Вологда г (Вологодская обл.);Vologda;Вологда;98;Вологодская Область;36;Россия;Вологодский
Вологда Легион;Vologda;Вологда;98;Вологодская Область;36;Россия;Вологодский
Вологда п молочное;Molochnoe;Молочное;361;Вологодская Область;36;Россия;Вологодский
Вологда, Вологодская область;Vologda;Вологда;98;Вологодская Область;36;Россия;Вологодский
Вологда, вологодская область, россия;Vologda;Вологда;98;Вологодская Область;36;Россия;Вологодский
Вологда, Вологодская область, Северо-Запад, Россия;Vologda;Вологда;98;Вологодская Область;36;Россия;Вологодский
Вологда, Вологодской области;Vologda;Вологда;98;Вологодская Область;36;Россия;Вологодский
Вологда, п. Кувшиного;Vologda;Вологда;98;Вологодская Область;36;Россия;Вологодский
Вологда, п. Майский;Mayskiy;Майский;334;Вологодская Область;36;Россия;Вологодский
Вологда, с.Молочное;Molochnoe;Молочное;361;Вологодская Область;36;Россия;Вологодский
Вологда/ мамаможет;Vologda;Вологда;98;Вологодская Область;36;Россия;Вологодский
Вологда/Тарнога;Vologda;Вологда;98;Вологодская Область;36;Россия;Вологодский
Вологда/Тарногский Городок;Vologda;Вологда;98;Вологодская Область;36;Россия;Вологодский
Вологда-20;Vologda-20;Вологда-20;99;Вологодская Область;36;Россия;Шекснинский
Вологда-Витязь;Vologda;Вологда;98;Вологодская Область;36;Россия;Вологодский
Вологда-Олимп;Vologda;Вологда;98;Вологодская Область;36;Россия;Вологодский
Вологдский округ, село Неверовское;Neverovskoe;Неверовское;385;Вологодская Область;36;Россия;Вологодский
Вологода;Vologda;Вологда;98;Вологодская Область;36;Россия;Вологодский
Вологодская гмха;Vologda;Вологда;98;Вологодская Область;36;Россия;Вологодский
Вологодская обл, Вологодский округ, поселок Васильевское;Vasilevskoe;Васильевское;76;Вологодская Область;36;Россия;Вологодский
Вологодская обл, Вологодский округ, поселок Ермаково;Ermakovo;Ермаково;167;Вологодская Область;36;Россия;Вологодский
Вологодская обл, Вологодский р-н, поселок Васильевское;Vasilevskoe;Васильевское;76;Вологодская Область;36;Россия;Вологодский
Вологодская обл, г. Череповец;Cherepovets;Череповец;650;Вологодская Область;36;Россия;Череповецкий
Вологодская обл, рп. кадуй;Kaduy;Кадуй;213;Вологодская Область;36;Россия;Кадуйский
Вологодская обл, Череповец г;Cherepovets;Череповец;650;Вологодская Область;36;Россия;Череповецкий
Вологодская обл,вытегорский р-он,пдепо.;Depo;Депо;146;Вологодская Область;36;Россия;Вытегорский
Вологодская обл., Кирилловский р-н., г. Кириллов;Kirillov;Кириллов;235;Вологодская Область;36;Россия;Кирилловский
Вологодская область, верховажский район, д. наумиха;Naumikha;Наумиха;380;Вологодская Область;36;Россия;Верховажский
Вологодская область,п.можайское;Mozhayskoe;Можайское;358;Вологодская Область;36;Россия;Вологодский
Вологодская область.череповец;Cherepovets;Череповец;650;Вологодская Область;36;Россия;Череповецкий
Вологодский  округ, п.Майский;Mayskiy;Майский;334;Вологодская Область;36;Россия;Вологодский
Вологодский округ;Vologda;Вологда;98;Вологодская Область;36;Россия;Вологодский
Вологодский округ  п. Васильевское;Vasilevskoe;Васильевское;76;Вологодская Область;36;Россия;Вологодский
Вологодский округ поселок Васильевское;Vasilevskoe;Васильевское;76;Вологодская Область;36;Россия;Вологодский
Вологодский округ Сосновское с/ п дер.Новое;Novoe;Новое;407;Вологодская Область;36;Россия;Вологодский
Вологодский округ, поселок Васильевское;Vasilevskoe;Васильевское;76;Вологодская Область;36;Россия;Вологодский
Вологодский район;Vologodskiy rayon;Вологодский район;100;Вологодская Область;36;Россия;Вологодский
Вологодский район д. Жилино;Zhilino;Жилино;175;Вологодская Область;36;Россия;Вологодский
Вологодский район д. Починок;Pochinok;Починок;477;Вологодская Область;36;Россия;Шекснинский
Вологодский район д. Родионцево;Rodiontsevo;Родионцево;496;Вологодская Область;36;Россия;Вологодский
Вологодский район п. Васильевское;Vasilevskoe;Васильевское;76;Вологодская Область;36;Россия;Вологодский
Вологодский район п. Можайское;Mozhayskoe;Можайское;358;Вологодская Область;36;Россия;Вологодский
Вологодский район, д. Новое;Novoe;Новое;407;Вологодская Область;36;Россия;Вологодский
Вологодский район, Ермаково;Ermakovo;Ермаково;167;Вологодская Область;36;Россия;Вологодский
Вологодский район, п. Васильевское;Vasilevskoe;Васильевское;76;Вологодская Область;36;Россия;Вологодский
Вологодский район, п. Ермаково;Ermakovo;Ермаково;167;Вологодская Область;36;Россия;Вологодский
Вологодский район, п. Кувшиново;Kuvshinovo;Кувшиново;300;Вологодская Область;36;Россия;Вологодский
Вологодский район, п. Майский;Mayskiy;Майский;334;Вологодская Область;36;Россия;Вологодский
Вологодский район, п.Уткино;Utkino;Уткино;618;Вологодская Область;36;Россия;Вологодский
Вологодский район, Пос. Кувшиново;Kuvshinovo;Кувшиново;300;Вологодская Область;36;Россия;Вологодский
Вологодский район, Стризнево;Striznevo;Стризнево;565;Вологодская Область;36;Россия;Вологодский
Вологодский район,п .Васильевское;Vasilevskoe;Васильевское;76;Вологодская Область;36;Россия;Вологодский
Вологодский район,п.Васильевское;Vasilevskoe;Васильевское;76;Вологодская Область;36;Россия;Вологодский
Вологодский район. посёлок Сосновка.;Sosnovka;Сосновка;555;Вологодская Область;36;Россия;Вологодский
Вологодский р-н;Vologodskiy r-n;Вологодский р-н;101;Вологодская Область;36;Россия;Вологодский
Вологодский р-н д. стризнево;Striznevo;Стризнево;565;Вологодская Область;36;Россия;Вологодский
Волода;Vologda;Вологда;98;Вологодская Область;36;Россия;Вологодский
Волоколакмск;Volokolamsk;Волоколамск;102;Московская Область;51;Россия;
Вололгда;Vologda;Вологда;98;Вологодская Область;36;Россия;Вологодский
волхов;Volkhov;Волхов;103;Ленинградская Область;48;Россия;
Воркута;Vorkuta;Воркута;104;Коми Республика;12;Россия;
Воронеж;Voronezh;Воронеж;105;Воронежская Область;37;Россия;
Вороново;Voronovo;Вороново;106;г. Москва;122;Россия;
Воскресенск;Voskresensk;Воскресенск;109;Московская Область;51;Россия;
Воткинск;Votkinsk;Воткинск;110;Удмуртская Республика;19;Россия;
Вуктыл;Vuktyl;Вуктыл;113;Коми Республика;12;Россия;
Выборг;Vyborg;Выборг;114;Ленинградская Область;48;Россия;
Выдрино;Vydrino;Выдрино;115;Бурятия Республика;4;Россия;
Выльгорт;Vylgort;Выльгорт;117;Республика Коми;116;Россия;
Высокий;Vysokiy;Высокий;119;Мурманская Область;52;Россия;
Высоковск;Vysokovsk;Высоковск;120;Московская Область;51;Россия;
Вычегодский;Vychegodskiy;Вычегодский;123;Архангельская Область;30;Россия;
Вязьма;Vyazma;Вязьма;125;Смоленская Область;68;Россия;
Г вологда, с молочное;Molochnoe;Молочное;361;Вологодская Область;36;Россия;Вологодский
г, Буй;Buy;Буй;72;Костромская Область;45;Россия;
Г. вологда;Vologda;Вологда;98;Вологодская Область;36;Россия;Вологодский
Г. лыткарино московской области;Lytkarino;Лыткарино;331;Московская область;0;Россия;
г. Новосибирск;Novosibirsk;Новосибирск;411;Новосибирская Область;55;Россия;
г. Сосногорска, пгт. Нижний Одес;Sosnogorsk;Сосногорск;557;Другой;123;Россия;
Г. тотьма вологодская обл.;Totma;Тотьма;589;Вологодская Область;36;Россия;Тотемский
г.Балашиха,мкр.Железнодорожный;Balashikha;Балашиха;36;Московская Область;51;Россия;
г.Белозерск;Belozersk;Белозерск;44;Вологодская Область;36;Россия;Белозерский
г.Боровичи;Borovichi;Боровичи;67;Новгородская Область;54;Россия;
г.Вельск;Velsk;Вельск;79;Архангельская Область;30;Россия;
г.Вологда;Vologda;Вологда;98;Вологодская Область;36;Россия;Вологодский
г.Вологда (д. Новое);Vologda;Вологда;98;Вологодская Область;36;Россия;Вологодский
г.Вытегра;Vytegra;Вытегра;122;Вологодская Область;36;Россия;Вытегорский
г.Дмитров;Dmitrov;Дмитров;152;Московская Область;51;Россия;
г.Иваново;Ivanovo;Иваново;192;Ивановская Область;38;Россия;
г.Инсар;Insar;Инсар;204;Мордовия Республика;14;Россия;
г.Кириллов;Kirillov;Кириллов;235;Вологодская Область;36;Россия;Кирилловский
г.котельнич;Kotelnich;Котельнич;277;Кировская Область;44;Россия;
г.Мончегорск;Monchegorsk;Мончегорск;363;Мурманская Область;52;Россия;
г.Москва;Moskva;Москва;366;г. Москва;122;Россия;
г.Мытищи;Mytischi;Мытищи;373;Московская Область;51;Россия;
г.Никольск;Nikolsk;Никольск;400;Вологодская Область;36;Россия;Никольский
г.Рыбинск;Rybinsk;Рыбинск;508;Ярославская Область;77;Россия;
г.Санкт- Петербург;Sankt- Peterburg;Санкт- Петербург;514;Ленинградская Область;48;Россия;
г.Сокол;Sokol;Сокол;548;Вологодская Область;36;Россия;Сокольский
г.Сокол,Вологодская обл.;Sokol;Сокол;548;Вологодская Область;36;Россия;Сокольский
г.Стрежевой;Strezhevoy;Стрежевой;564;Томская Область;71;Россия;
г.Сыктывкар;Syktyvkar;Сыктывкар;570;Республика Коми;116;Россия;
г.Тольятти;Tolyatti;Тольятти;585;Самарская Область;64;Россия;
г.Тюмень;Tyumen;Тюмень;596;Тюменская Область;73;Россия;
г.Ухта;Ukhta;Ухта;620;Коми Республика;12;Россия;
Г.Харовск;Kharovsk;Харовск;632;Вологодская Область;36;Россия;Харовский
г.Череповец;Cherepovets;Череповец;650;Вологодская Область;36;Россия;Череповецкий
г.Чухлома;Chukhloma;Чухлома;660;Костромская Область;45;Россия;
г.Шенкурск;Shenkursk;Шенкурск;669;Архангельская Область;30;Россия;
г.Щёлково;Schelkovo;Щелково;678;Московская Область;51;Россия;
г.Ярославль;Yaroslavl;Ярославль;695;Ярославская Область;77;Россия;
Гаврилов Посад;Gavrilov Posad;Гаврилов Посад;126;Ивановская Область;38;Россия;
Гаврилов-Ям г;Gavrilov-Yam;Гаврилов-Ям;127;Ярославская Область;77;Россия;
Гагино;Gagino;Гагино;128;Нижегородская Область;53;Россия;
Галич;Galich;Галич;129;Костромская Область;45;Россия;
Гаютино;Gayutino;Гаютино;132;Ярославская Область;77;Россия;
Гжель;Gzhel;Гжель;133;Московская Область;51;Россия;
Город;Gorod;Город;137;Липецкая Область;49;Россия;
Город Сыктывкар;Syktyvkar;Сыктывкар;570;Республика Коми;116;Россия;
Готешть;Gotesht;Готешть;138;Кагул;92;Молдова, Республика;
гп Новоселье (Ломоносовский р-н);Novosele;Новоселье;410;Ленинградская Область;48;Россия;
Грязовец;Gryazovets;Грязовец;139;Вологодская Область;36;Россия;Грязовецкий
Грязовец, Вологодская область;Gryazovets;Грязовец;139;Вологодская Область;36;Россия;Грязовецкий
Грязовецкий  р-н, п. Вохтога;Vokhtoga;Вохтога;111;Вологодская Область;36;Россия;Междуреченский
грязовецкий  р-н, поселок Во;Gryazovets;Грязовец;139;Вологодская Область;36;Россия;Грязовецкий
Грязовецкий район, д. Юрово;Yurovo;Юрово;686;Вологодская Область;36;Россия;Грязовецкий
Гусь Хрустальный;Gus Khrustalnyy;Гусь Хрустальный;140;Владимирская Область;34;Россия;
гХаровск;Kharovsk;Харовск;632;Вологодская Область;36;Россия;Харовский
Д. Большая Мось; Bolshaya Mos; Большая Мось;1;Пермский Край;60;Россия;
д. Вахутино; Vakhutino; Вахутино;2;Ярославская Область;77;Россия;
д. Горка-Муравьевская; Gorka-Muravevskaya; Горка-Муравьевская;3;Архангельская Область;30;Россия;
д. Городищево; Gorodischevo; Городищево;4;Вологодская Область;36;Россия;#Н/Д
д. Еремеево, Вологодский район; Eremeevo; Еремеево;5;Вологодская Область;36;Россия;#Н/Д
Д. Кирики Улита; Kiriki-Ulita; Кирики-Улита;6;Вологодская Область;36;Россия;#Н/Д
Д. Кирики-Улита; Kiriki-Ulita; Кирики-Улита;6;Вологодская Область;36;Россия;#Н/Д
д. Кондратово; Kondratovo; Кондратово;7;Пермский Край;60;Россия;
д. Новое; Novoe; Новое;8;Вологодская Область;36;Россия;#Н/Д
Д. Прогресс; Progress; Прогресс;9;Вологодская Область;36;Россия;#Н/Д
д. Тиманова Гора; Timanova Gora; Тиманова Гора;10;Вологодская Область;36;Россия;#Н/Д
д. Урусовская, Верховажский р-н; Urusovskaya; Урусовская;11;Вологодская Область;36;Россия;#Н/Д
д.Ермолово;Ermolovo;Ермолово;168;Вологодская Область;36;Россия;Вологодский
д.Заречье Тарногский район Вологодская область;Zareche;Заречье;184;Вологодская Область;36;Россия;Грязовецкий
д.Кокшарка;Koksharka;Кокшарка;253;Вологодская Область;36;Россия;Бабушкинский
д.Тарасонаволоцкая;Tarasonavolotskaya;Тарасонаволоцкая;576;Архангельская Область;30;Россия;
д.Усть-Вага; Ust-Vaga; Усть-Вага;12;Архангельская Область;30;Россия;
д.Усть-Вага,; Ust-Vaga; Усть-Вага;12;Архангельская Область;30;Россия;
Девятины;Devyatiny;Девятины;144;Вологодская Область;36;Россия;Вытегорский
Дедовск;Dedovsk;Дедовск;145;Московская Область;51;Россия;
Дер. Дудинское Вологодский район;Dudinskoe;Дудинское;161;Вологодская Область;36;Россия;Вологодский
дер.Шипицыно Вельский район;Shipitsyno;Шипицыно;672;Архангельская Область;30;Россия;
Деревня Алексино;Aleksino;Алексино;21;Вологодская Область;36;Россия;Вологодский
деревня Вороновская;Voronovskaya;Вороновская;107;Архангельская Область;30;Россия;
Деревня горка Бабаевский район;Gorka;Горка;136;Вологодская Область;36;Россия;Вологодский
Деревня Кривл;Krivl;Кривл;296;Архангельская Область;30;Россия;
Деревня Мироносица;Mironositsa;Мироносица;354;Вологодская Область;36;Россия;Вологодский
Деревня Степаньково;Stepankovo;Степаньково;563;Вологодская Область;36;Россия;Бабушкинский
Деревня Урмаево;Urmaevo;Урмаево;608;Чувашская Республика - Чувашия;118;Россия;
Дзержинск;Dzerzhinsk;Дзержинск;148;Нижегородская Область;53;Россия;
Дзержинский;Dzerzhinskiy;Дзержинский;149;Московская Область;51;Россия;
Долматово;Dolmatovo;Долматово;154;Архангельская Область;30;Россия;
Домодедово;Domodedovo;Домодедово;155;Московская Область;0;Россия;
Дубна, мо;Dubna;Дубна;157;Московская Область;0;Россия;
Дубовка;Dubovka;Дубовка;158;Вологодская Область;36;Россия;Грязовецкий
Дубовое;Dubovoe;Дубовое;159;Тамбовская Область;69;Россия;
Дубровское;Dubrovskoe;Дубровское;160;Вологодская Область;36;Россия;Грязовецкий
Дяьково;Dyakovo;Дяьково;162;Ивановская Область;38;Россия;
Егорьевск;Egorevsk;Егорьевск;163;Московская Область;51;Россия;
Екатериньург;Ekaterinburg;Екатеринбург;164;Свердловская Область;67;Россия;
Елабуга;Elabuga;Елабуга;165;Татарстан Республика;17;Россия;
Емельяново;Emelyanovo;Емельяново;166;Вологодская Область;36;Россия;Вологодский
Ерцево;Ertsevo;Ерцево;169;Архангельская Область;30;Россия;
Жешарт;Zheshart;Жешарт;173;Коми Республика;12;Россия;
Жиздра;Zhizdra;Жиздра;174;Калужская Область;41;Россия;
Жилино;Zhilino;Жилино;175;Вологодская Область;36;Россия;Вологодский
ЖУКОВ;Zhukov;Жуков;176;Калужская Область;41;Россия;
Жуковский;Zhukovskiy;Жуковский;177;Московская Область;51;Россия;
Заволжск;Zavolzhsk;Заволжск;178;Ивановская Область;38;Россия;
Замежная;Zamezhnaya;Замежная;180;Коми Республика;12;Россия;
Зарайск;Zaraysk;Зарайск;182;Московская Область;51;Россия;
Заречный;Zarechnyy;Заречный;183;Пензенская Область;59;Россия;
Заречье;Zareche;Заречье;184;Калужская Область;41;Россия;
Заручевская д;Zaruchevskaya;Заручевская;185;Архангельская Область;30;Россия;
Звенигород;Zvenigorod;Звенигород;187;Московская Область;51;Россия;
Зеленоград, Москва г;Zelenograd;Зеленоград;188;г. Москва;122;Россия;
Зеленоград,мо;Zelenograd;Зеленоград;188;Московская Область;0;Россия;
Знаменск;Znamensk;Знаменск;189;Астраханская Область;31;Россия;
Иваново;Ivanovo;Иваново;192;Ивановская Область;38;Россия;
Ивантеевка;Ivanteevka;Ивантеевка;193;Московская Область;51;Россия;
Ижемский район;Izhemskiy;Ижемский;198;Коми Республика;12;Россия;
Измалково;Izmalkovo;Измалково;200;Липецкая Область;49;Россия;
Ильинское;Ilinskoe;Ильинское;201;Вологодская Область;36;Россия;Вологодский
Ильинско-Подомское;Ilinsko-Podomskoe;Ильинско-Подомское;202;Архангельская Область;30;Россия;
Инта;Inta;Инта;205;Республика Коми;116;Россия;
Ирдоматка;Irdomatka;Ирдоматка;206;Вологодская Область;36;Россия;Череповецкий
Ирзеньга;Irzenga;Ирзеньга;207;Архангельская Область;30;Россия;
Истра московская область;Istra;Истра;209;Московская область;0;Россия;
Истринский район, пос. Румянцево;Rumyantsevo;Румянцево;507;Московская Область;51;Россия;
Истринский район,пос.Курсаково;Kursakovo;Курсаково;308;Московская Область;51;Россия;
Истринский р-он,пос.Курсаково;Kursakovo;Курсаково;308;Московская Область;51;Россия;
Йошкар-Ола;Yoshkar-Ola;Йошкар-Ола;210;Республика Марий Эл;119;Россия;
Кадников;Kadnikov;Кадников;211;Вологодская Область;36;Россия;Кадниковский
Кадуй;Kaduy;Кадуй;213;Вологодская Область;36;Россия;Кадуйский
Казань;Kazan;Казань;214;Республика Татарстан (Татарстан);121;Россия;
Калуга;Kaluga;Калуга;216;Калужская Область;41;Россия;
Камень-на-оби;Kamen-na-obi;Камень-на-оби;219;Алтайский Край;23;Россия;
Камешково;Kameshkovo;Камешково;220;Владимирская Область;34;Россия;
Камчатский край;Kamchatskiy kray;Камчатский край;221;Камчатский край;129;Россия;
Кандалакша;Kandalaksha;Кандалакша;222;Мурманская Область;52;Россия;
Караваево;Karavaevo;Караваево;224;Костромская Область;45;Россия;
Карагай;Karagay;Карагай;225;Пермский Край;60;Россия;
Каргополь;Kargopol;Каргополь;226;Архангельская Область;30;Россия;
Каспийск;Kaspiysk;Каспийск;227;Дагестан Республика;6;Россия;
Кемь;Kem;Кемь;228;Карелия Республика;11;Россия;
Кизема;Kizema;Кизема;230;Архангельская Область;30;Россия;
Кизнер;Kizner;Кизнер;231;Удмуртская Республика;19;Россия;
Кингисепп;Kingisepp;Кингисепп;232;Ленинградская Область;48;Россия;
Кинешма;Kineshma;Кинешма;233;Ивановская Область;38;Россия;
Кипелово;Kipelovo;Кипелово;234;Вологодская Область;36;Россия;Вологодский
Кириллов;Kirillov;Кириллов;235;Вологодская Область;36;Россия;Кирилловский
Кириллов (Вологодская область);Kirillov;Кириллов;235;Вологодская Область;36;Россия;Кирилловский
Кириллов (Город);Kirillov;Кириллов;235;Вологодская Область;36;Россия;Кирилловский
Кириллрв;Kirillov;Кириллов;235;Вологодская Область;36;Россия;Кирилловский
Кириши;Kirishi;Кириши;236;Ленинградская Область;48;Россия;
Кирово-Чепецк;Kirovo-Chepetsk;Кирово-Чепецк;238;Кировская Область;44;Россия;
Кировск;Kirovsk;Кировск;239;Ленинградская Область;48;Россия;
Кич. городок;Kichmengskiy gorodok;Кичменгский городок;242;Вологодская Область;36;Россия;Кичменгско-Городецкий
Кич-городок;Kichmengskiy gorodok;Кичменгский городок;242;Вологодская Область;36;Россия;Кичменгско-Городецкий
Кичменьгский Городок;Kichmengskiy gorodok;Кичменгский городок;242;Вологодская Область;36;Россия;Кичменгско-Городецкий
Климовское;Klimovskoe;Климовское;243;Вологодская Область;36;Россия;Череповецкий
Клинцы;Klintsy;Клинцы;245;Брянская Область;33;Россия;
Княжпогост;Knyazhpogost;Княжпогост;246;Коми Республика;12;Россия;
Ковдор;Kovdor;Ковдор;247;Мурманская Область;52;Россия;
Ковров;Kovrov;Ковров;248;Владимирская Область;34;Россия;
Ковылкино;Kovylkino;Ковылкино;249;Мордовия Республика;14;Россия;
Кологрив;Kologriv;Кологрив;254;Костромская Область;45;Россия;
Колоколец;Kolokolets;Колоколец;255;Вологодская Область;36;Россия;Устюженский
КОЛОМАСОВО;Kolomasovo;Коломасово;256;Мордовия Республика;14;Россия;
Кольчугино;Kolchugino;Кольчугино;259;Владимирская Область;34;Россия;
Коммунар;Kommunar;Коммунар;260;Ленинградская Область;48;Россия;
Коммунарка;Kommunarka;Коммунарка;261;г. Москва;122;Россия;
Комсомольск;Komsomolsk;Комсомольск;262;Ивановская Область;38;Россия;
Комсомольск-на-Амуре;Komsomolsk-na-Amure;Комсомольск-на-Амуре;263;Хабаровский Край;28;Россия;
Конаково;Konakovo;Конаково;264;Тверская Область;70;Россия;
Кононовская;Kononovskaya;Кононовская;265;Архангельская Область;30;Россия;
Коноша;Konosha;Коноша;266;Архангельская Область;30;Россия;
Королёв;Korolev;Королев;268;Московская Область;51;Россия;
Корткерос;Kortkeros;Корткерос;269;Республика Коми;116;Россия;
Коряжма;Koryazhma;Коряжма;270;Архангельская Область;30;Россия;
Косково;Koskovo;Косково;271;Вологодская Область;36;Россия;Кичменгско-Городецкий
Костино;Kostino;Костино;273;Кировская Область;44;Россия;
Костомукша;Kostomuksha;Костомукша;274;Карелия Республика;11;Россия;
Котельники;Kotelniki;Котельники;276;Московская Область;51;Россия;
Котлас;Kotlas;Котлас;278;Архангельская Область;30;Россия;
Кохма;Kokhma;Кохма;279;Ивановская Область;38;Россия;
Красноборск;Krasnoborsk;Красноборск;282;Архангельская Область;30;Россия;
Красногорск;Krasnogorsk;Красногорск;284;Московская Область;51;Россия;
Краснодар;Krasnodar;Краснодар;285;Краснодарский Край;24;Россия;
Краснознаменск;Krasnoznamensk;Краснознаменск;287;Московская Область;51;Россия;
Краснообск;Krasnoobsk;Краснообск;288;Новосибирская Область;55;Россия;
Красноперекопский район;Krasnoperekopskiy rayon;Красноперекопский район;290;Ярославская Область;77;Россия;
Красноярск;Krasnoyarsk;Красноярск;291;Красноярский Край;25;Россия;
Красные ткачи;Krasnye tkachi;Красные ткачи;292;Ярославская Область;77;Россия;
Кременки;Kremenki;Кременки;295;Калужская Область;41;Россия;
Кубенское;Kubenskoe;Кубенское;298;Вологодская Область;36;Россия;Вологодский
Кубинка-1;Kubinka-1;Кубинка-1;299;Московская Область;51;Россия;
Кудрино;Kudrino;Кудрино;301;Вологодская Область;36;Россия;Вологодский
Кудрово;Kudrovo;Кудрово;302;Ленинградская Область;48;Россия;
кузьмолово;Kuzmolovo;Кузьмолово;303;Ленинградская Область;48;Россия;
Кулой;Kuloy;Кулой;304;Архангельская Область;30;Россия;
Кумёны;Kumyony;Кумёны;305;Кировская Область;44;Россия;
Курба;Kurba;Курба;306;Ярославская Область;77;Россия;
Курган;Kurgan;Курган;307;Курганская Область;46;Россия;
Курсаково;Kursakovo;Курсаково;308;Московская Область;51;Россия;
Курск;Kursk;Курск;309;Курская Область;47;Россия;
Кушва;Kushva;Кушва;310;Свердловская Область;67;Россия;
Куялово;Kuyalovo;Куялово;311;Ленинградская Область;48;Россия;
Кызыл;Kyzyl;Кызыл;312;Тыва Республика;18;Россия;
Кыштым;Kyshtym;Кыштым;313;Челябинская Область;75;Россия;
Лебедянь;Lebedyan;Лебедянь;314;Липецкая Область;49;Россия;
Лежнево;Lezhnevo;Лежнево;315;Ивановская Область;38;Россия;
Ленинград;Leningrad;Ленинград;316;Вологодская Область;36;Россия;0
Ленинск;Leninsk;Ленинск;317;Пермский Край;60;Россия;
Лесково;Leskovo;Лесково;318;Вологодская область;102;Франция;Вологодский
Лесной;Lesnoy;Лесной;319;Свердловская Область;67;Россия;
Леушинская;Leushinskaya;Леушинская;320;Вологодская Область;36;Россия;Вологодский
Лешуконское;Leshukonskoe;Лешуконское;321;Архангельская Область;30;Россия;
Ликино-Дулево;Likino-Dulevo;Ликино-Дулево;322;Московская Область;51;Россия;
Липецк;Lipetsk;Липецк;323;Липецкая Область;49;Россия;
Липецкая область;Lipetsk;Липецк;323;Липецкая Область;49;Россия;
Лобня;Lobnya;Лобня;325;Московская Область;51;Россия;
Ловозеро;Lovozero;Ловозеро;326;Мурманская Область;52;Россия;
Луга;Luga;Луга;328;Ленинградская Область;48;Россия;
Луховицы;Lukhovitsy;Луховицы;330;Московская Область;51;Россия;
Лыткарино;Lytkarino;Лыткарино;331;Московская Область;51;Россия;
Майский;Mayskiy;Майский;334;Вологодская Область;36;Россия;Вологодский
Макарьев;Makarev;Макарьев;335;Костромская Область;45;Россия;
Максатиха;Maksatikha;Максатиха;336;Тверская Область;70;Россия;
Малиновка;Malinovka;Малиновка;337;Архангельская Область;30;Россия;
Малмыж;Malmyzh;Малмыж;338;Кировская Область;44;Россия;
Малоярославец;Maloyaroslavets;Малоярославец;339;Калужская Область;41;Россия;
Марково;Markovo;Марково;341;Вологодская Область;36;Россия;Вологодский
Марфино;Marfino;Марфино;342;Вологодская Область;36;Россия;Вологодский
Маяковский;Mayakovskiy;Маяковский;343;Ярославская Область;77;Россия;
Мга;Mga;Мга;344;Ленинградская Область;48;Россия;
Мезень;Mezen;Мезень;345;Архангельская Область;30;Россия;
Меленки;Melenki;Меленки;346;Владимирская Область;34;Россия;
Менделеево;Mendeleevo;Менделеево;347;Московская Область;51;Россия;
Мензелинск;Menzelinsk;Мензелинск;348;Татарстан Республика;17;Россия;
Миасс;Miass;Миасс;349;Челябинская Область;75;Россия;
Микрорайон Юрьевец;Yurevets;Юрьевец;688;Владимирская Область;34;Россия;
Микунь;Mikun;Микунь;351;Коми Республика;12;Россия;
Мирный;Mirnyy;Мирный;353;Архангельская Область;30;Россия;
Мирный (Архангельская) (Северо-Западный);Mirnyy;Мирный;353;Архангельская Область;30;Россия;
Михайловск;Mikhaylovsk;Михайловск;355;Свердловская Область;67;Россия;
Мичуринск;Michurinsk;Мичуринск;356;Тамбовская Область;69;Россия;
Можайск;Mozhaysk;Можайск;357;Московская Область;0;Россия;
Можайское;Mozhayskoe;Можайское;358;Вологодская Область;36;Россия;Вологодский
Можга;Mozhga;Можга;359;Удмуртская Республика;19;Россия;
Мокроус;Mokrous;Мокроус;360;Саратовская Область;65;Россия;
Молочное;Molochnoe;Молочное;361;Вологодская Область;36;Россия;Вологодский
Морозово;Morozovo;Морозово;364;Вологодская Область;36;Россия;Верховажский
Москва;Moskva;Москва;366;Москва;0;Россия;
Москва  внииа им.духова.н.л;Moskva;Москва;366;Москва;0;Россия;
Москва (Moscow, Russia);Moskva;Москва;366;Московская Область;51;Россия;
Москва веломаркет цска ювентаспорт;Moskva;Москва;366;Москва;0;Россия;
Москва троицк;Troitsk;Троицк;591;Москва;0;Россия;
Москва, нулымы;Moskva;Москва;366;Москва;0;Россия;
Москва, троицк;Troitsk;Троицк;591;Москва;0;Россия;
Московская обл;Moskva;Москва;366;Московская область;0;Россия;
Московская обл мкр заря;Zarya;Заря;186;Московская область;0;Россия;
МОСКОВСКАЯ ОБЛАСТЬ, ПАВЛОВО-ПОСАДСКИЙ РАЙОН, ПАВЛОВСКИЙ ПОСАД;Pavlovskiy Posad;Павловский Посад;437;Московская Область;51;Россия;
Мстёра;Mstyora;Мстёра;367;Владимирская Область;34;Россия;
Мурино;Murino;Мурино;368;Ленинградская Область;48;Россия;
Муром;Murom;Муром;371;Владимирская Область;34;Россия;
Мурыгино;Murygino;Мурыгино;372;Кировская Область;44;Россия;
Мышкин;Myshkin;Мышкин;374;Ярославская Область;77;Россия;
Н;Nizhniy Novgorod;Нижний Новгород;397;Нижегородская Область;53;Россия;
Н.Новгород;Nizhniy Novgorod;Нижний Новгород;397;Нижегородская Область;53;Россия;
Набережные Челны;Naberezhnye Chelny;Набережные Челны;375;Татарстан Республика;17;Россия;
Навля;Navlya;Навля;376;Брянская Область;33;Россия;
Надеево;Nadeevo;Надеево;377;Вологодская Область;36;Россия;Вологодский
Наро-Фоминск;Naro-Fominsk;Наро-Фоминск;378;Московская Область;51;Россия;
Нарьян-Мар;Naryan-Mar;Нарьян-Мар;379;Ненецкий Автономный округ;81;Россия;
Нахабино;Nakhabino;Нахабино;381;Московская Область;51;Россия;
Находка;Nakhodka;Находка;382;Приморский Край;26;Россия;
Не указан;Ne ukazan;Не указан;383;Вологодская Область;36;Россия;0
Невель;Nevel;Невель;384;Псковская Область;61;Россия;
Невьянск;Nevyansk;Невьянск;386;Свердловская Область;67;Россия;
Некрасовский район;Nekrasovskiy rayon;Некрасовский район;387;г. Москва;122;Россия;
Нелидово;Nelidovo;Нелидово;388;Тверская Область;70;Россия;
Ненецкий Автономный округ;Nenetskiy Avtonomnyy okrug;Ненецкий Автономный округ;389;Ненецкий Автономный округ;81;Россия;
Непотягово;Nepotyagovo;Непотягово;390;Вологодская Область;36;Россия;Вологодский
Нерехта;Nerekhta;Нерехта;391;Костромская Область;45;Россия;
НЕФТЕКАМСК;NEFTEKAMSK;НЕФТЕКАМСК;392;Башкортостан Республика;3;Россия;
Нефтеюганск;Nefteyugansk;Нефтеюганск;393;Ханты-Мансийский АО - Югра Автономный округ;82;Россия;
Нея;Neya;Нея;394;Костромская Область;45;Россия;
Нижегородская область Сокольский район деревня Молчанова улица Клепиковская дом 21;Molchanova;Молчанова;362;Нижегородская Область;53;Россия;
Нижневартовск;Nizhnevartovsk;Нижневартовск;395;Ханты-Мансийский АО - Югра Автономный округ;82;Россия;
Нижнее Чажестрово;Nizhnee Chazhestrovo;Нижнее Чажестрово;396;Архангельская Область;30;Россия;
НИЖНИЙ НОВГОРОД;Nizhniy Novgorod;Нижний Новгород;397;Нижегородская Область;53;Россия;
Нижний одес;Nizhniy odes;Нижний одес;398;Коми Республика;12;Россия;
Нижний Тагил, Свердловская обл;Nizhniy Tagil;Нижний Тагил;399;Свердловская Область;67;Россия;
Никольск;Nikolsk;Никольск;400;Вологодская Область;36;Россия;Никольский
Никольский район, д. Вырыпаево;Vyrypaevo;Вырыпаево;118;Вологодская Область;36;Россия;Никольский
Никольский район, д. Кожаево;Kozhaevo;Кожаево;251;Вологодская Область;36;Россия;Никольский
Никольский район, д.Аргуново;Argunovo;Аргуново;28;Вологодская Область;36;Россия;Никольский
Никольский район, д.Никольское;Nikolskoe;Никольское;401;Вологодская Область;36;Россия;Никольский
Никулино;Nikulino;Никулино;402;Тверская Область;70;Россия;
Ново талицы;Novo talitsy;Ново талицы;403;Ивановская Область;38;Россия;
Новогорск;Novogorsk;Новогорск;405;Московская Область;51;Россия;
Новодвинск;Novodvinsk;Новодвинск;406;Архангельская Область;30;Россия;
Новое Девяткино;Novoe Devyatkino;Новое Девяткино;408;Ленинградская Область;48;Россия;
Новомосковск;Novomoskovsk;Новомосковск;409;Тульская Область;72;Россия;
Новоуральск;Novouralsk;Новоуральск;412;Свердловская Область;67;Россия;
Новый Некоуз;Novyy Nekouz;Новый Некоуз;413;Ярославская Область;77;Россия;
Ногинск;Noginsk;Ногинск;414;Московская Область;51;Россия;
Ноябрьск;Noyabrsk;Ноябрьск;415;Тюменская Область;73;Россия;
нп Вологда 20, Шекснинский район, Вологодская обл;Vologda-20;Вологда-20;99;Вологодская Область;36;Россия;Шекснинский
Нюксеница;Nyuksenitsa;Нюксеница;416;Вологодская Область;36;Россия;Нюксеницкий
Нягань;Nyagan;Нягань;417;Ханты-Мансийский АО - Югра Автономный округ;82;Россия;
Объячево;Obyyachevo;Объячево;420;Коми Республика;12;Россия;
Огарково;Ogarkovo;Огарково;421;Вологодская Область;36;Россия;Вологодский
Озерный;Ozernyy;Озерный;423;Тверская Область;70;Россия;
Озёрный;Ozyornyy;Озёрный;424;Тверская Область;70;Россия;
Октябрьский;Oktyabrskiy;Октябрьский;425;Вологодская Область;36;Россия;Тотемский
Окуловка;Okulovka;Окуловка;426;Новгородская Область;54;Россия;
Олонец;Olonets;Олонец;428;Карелия Республика;11;Россия;
Омск;Omsk;Омск;429;Омская Область;56;Россия;
Орёл;Orel;Орел;432;Орловская Область;58;Россия;
Орехово-Зуево;Orekhovo-Zuevo;Орехово-Зуево;433;Московская Область;51;Россия;
Осельки;Oselki;Осельки;434;Ленинградская Область;48;Россия;
п Шумячи, Шумячский район, Смоленская обл;Shumyachi;Шумячи;675;Смоленская Область;68;Россия;
п,Подюга;Podyuga;Подюга;472;Архангельская Область;30;Россия;
п. Белый Ручей;Belyy Ruchey;Белый Ручей;49;Вологодская Область;36;Россия;Вытегорский
п. Вохтога;Vokhtoga;Вохтога;111;Вологодская Область;36;Россия;Междуреченский
п. Двинской Березник;Dvinskoy Bereznik;Двинской Березник;143;Архангельская Область;30;Россия;
п. Двинской, Верхнетоемский;Dvinskoy;Двинской;142;Архангельская Область;30;Россия;
П. Дорожный;Dorozhnyy;Дорожный;156;Вологодская Область;36;Россия;Вологодский
п. Игра;Igra;Игра;196;Удмуртская Республика;19;Россия;
п. Ильинское;Ilinskoe;Ильинское;201;Сахалинская Область;66;Россия;
П. Каменка;Kamenka;Каменка;217;Вологодская Область;36;Россия;Грязовецкий
п. Красота;Krasota;Красота;294;Вологодская Область;36;Россия;Бабушкинский
п. Майский;Mayskiy;Майский;334;Волгоградская Область;35;Россия;
п. Непотягово;Nepotyagovo;Непотягово;390;Вологодская Область;36;Россия;Вологодский
п. Огарково;Ogarkovo;Огарково;421;Вологодская Область;36;Россия;Вологодский
п. ОКТЯБРЬСКИЙ;Oktyabrskiy;Октябрьский;425;Архангельская Область;30;Россия;
п. Пежма, Верховажский район;Pezhma;Пежма;445;Вологодская Область;36;Россия;Верховажский
п. Полдарса, Великоустюгского района;Poldarsa;Полдарса;474;Вологодская Область;36;Россия;Великоустюгский
п. Суна;Suna;Суна;568;Кировская Область;44;Россия;
п. Удельная;Udelnaya;Удельная;598;Московская Область;51;Россия;
П. Фряново;Fryanovo;Фряново;627;Московская Область;51;Россия;
п.Аргуновский;Argunovskiy;Аргуновский;29;Архангельская Область;30;Россия;
п.Васильевское;Vasilevskoe;Васильевское;76;Вологодская Область;36;Россия;Вологодский
П.васильевское вологодского р-на;Vasilevskoe;Васильевское;76;Вологодская Область;36;Россия;Вологодский
п.Вожега;Vozhega;Вожега;94;Вологодская Область;36;Россия;Вожегодский
П.Вохтога;Vokhtoga;Вохтога;111;Вологодская Область;36;Россия;Междуреченский
п.г.т.Анна;Anna;Анна;24;Воронежская Область;37;Россия;
п.Дорожный;Dorozhnyy;Дорожный;156;Вологодская Область;36;Россия;Вологодский
п.Ермаково;Ermakovo;Ермаково;167;Вологодская Область;36;Россия;Вологодский
п.Ерцево;Ertsevo;Ерцево;169;Архангельская Область;30;Россия;
п.Ивняки;Ivnyaki;Ивняки;194;Ярославская Область;77;Россия;
п.Кадуй;Kaduy;Кадуй;213;Вологодская Область;36;Россия;Кадуйский
п.Коноша;Konosha;Коноша;266;Архангельская Область;30;Россия;
п.константиновский;Konstantinovskiy;Константиновский;267;Ярославская Область;77;Россия;
п.Краснооктябрьский.;Krasnooktyabrskiy;Краснооктябрьский;289;Кировская Область;44;Россия;
п.Луза;Luza;Луза;329;Кировская Область;44;Россия;
п.Майский;Mayskiy;Майский;334;Вологодская Область;36;Россия;Вологодский
п.Надеево;Nadeevo;Надеево;377;Вологодская Область;36;Россия;Вологодский
п.Огарково;Ogarkovo;Огарково;421;Вологодская Область;36;Россия;Вологодский
П.Октябрьский;Oktyabrskiy;Октябрьский;425;Архангельская Область;30;Россия;
п.Приводино;Privodino;Приводино;480;Архангельская Область;30;Россия;
п.Шексна;Sheksna;Шексна;667;Вологодская Область;36;Россия;Шекснинский
п.Шексна / г. Вологда;Sheksna;Шексна;667;Вологодская Область;36;Россия;Шекснинский
Павлово;Pavlovo;Павлово;436;Нижегородская Область;53;Россия;
Павловский Посад;Pavlovskiy Posad;Павловский Посад;437;Московская Область;51;Россия;
пгт Ленинское (Шабалино);pgt Leninskoe;пгт Ленинское;440;Кировская Область;44;Россия;
Пгт Новозавидовский;pgt Novozavidovskiy;пгт Новозавидовский;441;Тверская Область;70;Россия;
пгт. Запрудня;pgt. Zaprudnya;пгт. Запрудня;442;Московская Область;51;Россия;
пгт. Сернур;pgt. Sernur;пгт. Сернур;443;Марий Эл Республика;13;Россия;
Первомайское;Pervomayskoe;Первомайское;447;Вологодская Область;36;Россия;Вологодский
Первоуральск;Pervouralsk;Первоуральск;448;Свердловская Область;67;Россия;
Пересвет;Peresvet;Пересвет;449;Московская Область;51;Россия;
Переславль;Pereslavl;Переславль;450;Ярославская Область;77;Россия;
Пермогорье;Permogore;Пермогорье;452;Архангельская Область;30;Россия;
Перьево;Perevo;Перьево;454;Вологодская Область;36;Россия;Вологодский
Пес;Pes;Пес;455;Новгородская Область;54;Россия;
Пески;Peski;Пески;456;Вологодская Область;36;Россия;Вологодский
Песочное;Pesochnoe;Песочное;457;Вологодская Область;36;Россия;Вологодский
Пестово;Pestovo;Пестово;458;Новгородская Область;54;Россия;
Петро;Petro;Петро;459;Карелия Республика;11;Россия;
Петров Вал;Petrov Val;Петров Вал;460;Волгоградская Область;35;Россия;
Печор;Pechor;Печор;462;Коми Республика;12;Россия;
Печора;Pechora;Печора;463;Коми Республика;12;Россия;
Питкяранта;Pitkyaranta;Питкяранта;464;Карелия Республика;11;Россия;
Плёс;Plyos;Плёс;465;Ивановская Область;38;Россия;
Плесецк;Plesetsk;Плесецк;466;Архангельская Область;30;Россия;
Погорелово;Pogorelovo;Погорелово;468;Вологодская Область;36;Россия;Вологодский
Подольск;Podolsk;Подольск;469;Московская Область;51;Россия;
Подпорожье;Podporozhe;Подпорожье;470;Ленинградская Область;48;Россия;
Подъельск;Podyelsk;Подъельск;471;Республика Коми;116;Россия;
Полотняный Завод;Polotnyanyy Zavod;Полотняный Завод;475;Калужская Область;41;Россия;
Полярные Зори;Polyarnye Zori;Полярные Зори;476;Мурманская Область;52;Россия;
пос. Ермаково;Ermakovo;Ермаково;167;Вологодская Область;36;Россия;Вологодский
пос. Кадниковский;Kadnikovskiy;Кадниковский;212;Вологодская Область;36;Россия;Харовский
пос. Колтубановский;Koltubanovskiy;Колтубановский;258;Оренбургская Область;57;Россия;
пос. Пасьва;Pasva;Пасьва;439;Архангельская Область;30;Россия;
пос. Чуриловка;Churilovka;Чуриловка;657;Вологодская Область;36;Россия;Тотемский
Пос. Юбилейный;Yubileynyy;Юбилейный;682;Вологодская Область;36;Россия;Тотемский
пос.Ермаково;Ermakovo;Ермаково;167;Вологодская Область;36;Россия;Вологодский
пос.Черкизово;Cherkizovo;Черкизово;651;Московская Область;51;Россия;
пос.Шексна;Sheksna;Шексна;667;Вологодская Область;36;Россия;Шекснинский
поселок Ермаково;Ermakovo;Ермаково;167;Вологодская Область;36;Россия;Вологодский
посёлок кирпичный;Kirpichnyy;Кирпичный;241;Вологодская Область;36;Россия;Грязовецкий
поселок Красный Бор;Krasnyy Bor;Красный Бор;293;Ярославская Область;77;Россия;
посёлок Солнцево;Solntsevo;Солнцево;552;Курская Область;47;Россия;
Поселок Уемский;Uemskiy;Уемский;600;Архангельская Область;30;Россия;
Поселок Федотово;Fedotovo;Федотово;623;Вологодская Область;36;Россия;Вологодский
Посёлок Чайковского;Chaykovskogo;Чайковского;644;Московская Область;51;Россия;
Пошехонье;Poshekhone;Пошехонье;478;Ярославская Область;77;Россия;
Пречистое;Prechistoe;Пречистое;479;Ярославская Область;77;Россия;
Приводино;Privodino;Приводино;480;Архангельская Область;30;Россия;
Приволжск;Privolzhsk;Приволжск;481;Ивановская Область;38;Россия;
Приморский район, д. Хорьково;Khorkovo;Хорьково;640;Архангельская Область;30;Россия;
Приморский район,Архангельская обл, Россия;Khorkovo;Хорьково;640;Архангельская Область;30;Россия;
Приозерск;Priozersk;Приозерск;482;Ленинградская Область;48;Россия;
Пристень;Pristen;Пристень;483;Курская Область;47;Россия;
Прнчистое;Prnchistoe;Прнчистое;484;Ярославская Область;77;Россия;
Псков;Pskov;Псков;486;Псковская Область;61;Россия;
птг. Вохтога;Vokhtoga;Вохтога;111;Вологодская Область;36;Россия;Междуреченский
Пундуга;Punduga;Пундуга;487;Вологодская Область;36;Россия;Харовский
Пушкино;Pushkino;Пушкино;489;Московская Область;51;Россия;
Пущино;Puschino;Пущино;490;Московская Область;51;Россия;
Р.П. Большое Козино;Bolshoe Kozino;Большое Козино;63;Нижегородская Область;53;Россия;
р.п. Кадуй;Kaduy;Кадуй;213;Вологодская Область;36;Россия;Кадуйский
Р.п.Красные Ткачи;Krasnye Tkachi;Красные Ткачи;292;Ярославская Область;77;Россия;
Радужный;Raduzhnyy;Радужный;491;Владимирская Область;34;Россия;
Радужный, Владимирская обл;Raduzhnyy;Радужный;491;Владимирская Область;34;Россия;
Ревда;Revda;Ревда;493;Свердловская Область;67;Россия;
Редкино;Redkino;Редкино;494;Тверская Область;70;Россия;
Реутов;Reutov;Реутов;495;Московская Область;51;Россия;
Родники;Rodniki;Родники;497;Ивановская Область;38;Россия;
Рослятино;Roslyatino;Рослятино;498;Вологодская Область;36;Россия;Бабушкинский
Россия, Ярославская область, Ярославль;Yaroslavl;Ярославль;695;Ярославская Область;77;Россия;
Ростилово;Rostilovo;Ростилово;499;Вологодская Область;36;Россия;Грязовецкий
Ростов;Rostov Velikiy;Ростов Великий;500;Ярославская Область;77;Россия;
Ростов Великий;Rostov Velikiy;Ростов Великий;500;Ярославская Область;77;Россия;
Ростовский район, село Ивакино;Ivakino;Ивакино;191;Ярославская Область;77;Россия;
Рошаль;Roshal;Рошаль;502;Московская Область;51;Россия;
Рощино;Roschino;Рощино;503;Ленинградская Область;48;Россия;
рп Кадуй;Kaduy;Кадуй;213;Вологодская Область;36;Россия;Кадуйский
рп Уральский;Uralskiy;Уральский;605;Пермский Край;60;Россия;
рп. Коноша;Konosha;Коноша;266;Архангельская Область;30;Россия;
рп. Шексна;Sheksna;Шексна;667;Вологодская Область;36;Россия;Шекснинский
рп.Пречистое;Prechistoe;Пречистое;479;Ярославская Область;77;Россия;
Рубцово;Rubtsovo;Рубцово;504;Вологодская Область;36;Россия;Вологодский
Рудничный;Rudnichnyy;Рудничный;505;Кировская Область;44;Россия;
Руза;Ruza;Руза;506;Московская Область;51;Россия;
Рыбинск;Rybinsk;Рыбинск;508;Ярославская Область;36;Россия;
Рыбинск, Рыбинский район, Ярославская обл;Rybinsk;Рыбинск;508;Ярославская Область;77;Россия;
Рыбинск, Ярославская обл;Rybinsk;Рыбинск;508;Ярославская Область;77;Россия;
Рыбинск, Ярославская область;Rybinsk;Рыбинск;508;Ярославская Область;77;Россия;
с Тарнога;s Tarnoga;с Тарнога;510;Вологодская Область;36;Россия;Тарногский
с. Благовещенское;Blagoveschenskoe;Благовещенское;56;Архангельская Область;30;Россия;
с. Благовещенское, Вельский р-н, Архангельская обл;Blagoveschenskoe;Благовещенское;56;Архангельская Область;30;Россия;
с. Вад;Vad;Вад;75;Нижегородская Область;53;Россия;
С. Верховажье;Verkhovazhe;Верховажье;85;Вологодская Область;36;Россия;Верховажский
с. Выльгорт;Vylgort;Выльгорт;117;Коми Республика;12;Россия;
с. Гамово;Gamovo;Гамово;130;Пермский Край;60;Россия;
с. Двинской Березник;Dvinskoy Bereznik;Двинской Березник;143;Архангельская Область;30;Россия;
С. Дмитриановское;Dmitrianovskoe;Дмитриановское;151;Ярославская Область;77;Россия;
с. Ижма;Izhma;Ижма;199;Республика Коми;116;Россия;
С. Им. Бабушкина;Im. Babushkina;Им. Бабушкина;203;Вологодская Область;36;Россия;Бабушкинский
с. Сямжа;Syamzha;Сямжа;571;Вологодская Область;36;Россия;Сямженский
с. Тарногский Городок;Tarnogskiy Gorodok;Тарногский Городок;577;Вологодская Область;36;Россия;Тарногский
с. Усть-Цильма;Ust-Tsilma;Усть-Цильма;616;Республика Коми;116;Россия;
С. Чуровское, Шекснинский район;Churovskoe;Чуровское;658;Вологодская Область;36;Россия;Шекснинский
с. Шилыково;Shilykovo;Шилыково;671;Ивановская Область;38;Россия;
С.Благовещенское;Blagoveschenskoe;Благовещенское;56;Архангельская Область;30;Россия;
с.Верховажье;Verkhovazhe;Верховажье;85;Вологодская Область;36;Россия;Верховажский
С.Карагай;Karagay;Карагай;225;Пермский Край;60;Россия;
с.Парфеньево;Parfenevo;Парфеньево;438;Костромская Область;45;Россия;
с.Сеченово;Sechenovo;Сеченово;535;Нижегородская Область;53;Россия;
с.Сямжа;Syamzha;Сямжа;571;Вологодская Область;36;Россия;Сямженский
С.Тазово;Tazovo;Тазово;573;Курская Область;47;Россия;
с.Чуровское;Churovskoe;Чуровское;658;Вологодская Область;36;Россия;Шекснинский
Салехард;Salekhard;Салехард;512;Ямало-Ненецкий Автономный округ;84;Россия;
Санкт-Петербург;Sankt-Peterburg;Санкт-Петербург;515;Санкт-Петербург;79;Россия;
Саров;Sarov;Саров;518;Нижегородская Область;53;Россия;
Саров, Нижегородская обл;Sarov;Саров;518;Нижегородская Область;53;Россия;
Сасово;Sasovo;Сасово;519;Рязанская Область;63;Россия;
Северная;Severnaya;Северная;521;Вологодская Область;36;Россия;Шекснинский
Северодвинск;Severodvinsk;Северодвинск;522;Архангельская Область;30;Россия;
"Северодвинск - АО""ПО"" Севмаш""";Severodvinsk;Северодвинск;522;Архангельская Область;30;Россия;
Североморск;Severomorsk;Североморск;523;Мурманская Область;52;Россия;
Сегежа;Segezha;Сегежа;524;Карелия Республика;11;Россия;
село Благовещенское;Blagoveschenskoe;Благовещенское;56;Архангельская Область;30;Россия;
Село высокое;Vysokoe;Высокое;121;Тульская Область;72;Россия;
Село Корткерос;Kortkeros;Корткерос;269;Республика Коми;116;Россия;
село Сямжа;selo Syamzha;село Сямжа;525;Вологодская Область;36;Россия;Сямженский
Село Чуровское, Шекснинский район;Churovskoe;Чуровское;658;Вологодская Область;36;Россия;Шекснинский
Селятино;Selyatino;Селятино;526;Московская Область;51;Россия;
Селятино Московская область;Selyatino;Селятино;526;Московская Область;51;Россия;
Семенково;Semenkovo;Семенково;527;Вологодская Область;36;Россия;Вологодский
Семёнково;Semenkovo;Семенково;527;Волгоградская Область;35;Россия;
Семибратово;Semibratovo;Семибратово;528;Ярославская Область;77;Россия;
Сенеж;Senezh;Сенеж;529;Московская Область;51;Россия;
Серпухов;Serpukhov;Серпухов;531;Московская Область;51;Россия;
Сестрорецк;Sestroretsk;Сестрорецк;533;Ленинградская Область;48;Россия;
Сеул;Seul;Сеул;534;Сеул;42;Корея, Республика;
Сива;Siva;Сива;536;Пермский Край;60;Россия;
Сидорово;Sidorovo;Сидорово;537;Вологодская Область;36;Россия;Грязовецкий
Сим;Sim;Сим;538;Челябинская Область;75;Россия;
Синдор;Sindor;Синдор;539;Коми Республика;12;Россия;
Сковде;Skovde;Сковде;540;Сковде;108;Швеция;
Скопин;Skopin;Скопин;541;Рязанская Область;63;Россия;
Слободской;Slobodskoy;Слободской;542;Кировская Область;44;Россия;
Сметанино;Smetanino;Сметанино;543;Вологодская Область;36;Россия;Верховажский
Снежногорск;Snezhnogorsk;Снежногорск;545;Мурманская Область;52;Россия;
СОВЕТСКИЙ;Sovetskiy;Советский;547;Ханты-Мансийский АО - Югра Автономный округ;82;Россия;
Сокол;Sokol;Сокол;548;Вологодская Область;36;Россия;Сокольский
Солигалич;Soligalich;Солигалич;549;Костромская Область;45;Россия;
Солманское;Solmanskoe;Солманское;550;Волгоградская Область;35;Россия;
Сольвычегодск;Solvychegodsk;Сольвычегодск;553;Архангельская Область;30;Россия;
Сортавала;Sortavala;Сортавала;554;Карелия Республика;11;Россия;
Сосновка;Sosnovka;Сосновка;555;Вологодская Область;36;Россия;Вологодский
Сосновка / Олимп;Sosnovka;Сосновка;555;Вологодская Область;36;Россия;Вологодский
Сосновка / СШ ОЛИМП;Sosnovka;Сосновка;555;Вологодская Область;36;Россия;Вологодский
Сосновское ТУ;Sosnovka;Сосновка;555;Вологодская Область;36;Россия;Вологодский
Сосновый Бор;Sosnovyy Bor;Сосновый Бор;556;Ленинградская Область;48;Россия;
Софрино-1;Sofrino;Софрино;558;Московская Область;51;Россия;
Софрино-1, московской обл.;Sofrino;Софрино;558;Московская область;0;Россия;
Сочи;Sochi;Сочи;559;Краснодарский Край;24;Россия;
Спасское;Spasskoe;Спасское;560;Вологодская Область;36;Россия;Вологодский
Ставрополь;Stavropol;Ставрополь;561;Ставропольский Край;27;Россия;
Старая Ладога;Staraya Ladoga;Старая Ладога;562;Ленинградская Область;48;Россия;
Стризнево;Striznevo;Стризнево;565;Вологодская Область;36;Россия;Вологодский
Ступино, московская область, россия;Stupino;Ступино;566;Московская область;0;Россия;
Суздальский р-н село Сновицы;Snovitsy;Сновицы;546;Владимирская Область;34;Россия;
Сумский Посад;Sumskiy Posad;Сумский Посад;567;Карелия Республика;11;Россия;
Сыктывкар;Syktyvkar;Сыктывкар;570;Коми Республика;12;Россия;
Сямжа;Syamzha;Сямжа;571;Вологодская Область;36;Россия;Сямженский
Сямженский район;Syamzha;Сямжа;571;Вологодская Область;36;Россия;Сямженский
Тавда;Tavda;Тавда;572;Свердловская Область;67;Россия;
Тамбов;Tambov;Тамбов;574;Тамбовская Область;69;Россия;
Тарногский городок;Tarnogskiy gorodok;Тарногский городок;577;Вологодская Область;36;Россия;Тарногский
Тарногский Район;Tarnogskiy gorodok;Тарногский городок;577;Вологодская Область;36;Россия;Тарногский
Ташто Кшуманьця;Tashto Kshumantsya;Ташто Кшуманьця;579;Мордовия Республика;14;Россия;
Терновский район, с.Козловка;Kozlovka;Козловка;252;Воронежская Область;37;Россия;
Тихвин г;Tikhvin;Тихвин;581;Ленинградская Область;48;Россия;
Товарково;Tovarkovo;Товарково;582;Калужская Область;41;Россия;
токарево;Tokarevo;Токарево;583;Вологодская Область;36;Россия;Вологодский
Томск;Tomsk;Томск;586;Томская Область;71;Россия;
Тоншалово;Tonshalovo;Тоншалово;587;Вологодская Область;36;Россия;Череповецкий
Торжок;Torzhok;Торжок;588;Тверская Область;70;Россия;
Тотемский район, село Успенье;Uspene;Успенье;610;Вологодская Область;36;Россия;Тотемский
Тотемский р-н, пос. Юбилейный;Yubileynyy;Юбилейный;682;Вологодская Область;36;Россия;Тотемский
Тотьма;Totma;Тотьма;589;Вологодская Область;36;Россия;Тотемский
Троице-Сельцо;Troitse-Seltso;Троице-Сельцо;590;Московская Область;51;Россия;
Троицк / CБ Лесная;Troitsk;Троицк;591;г. Москва;122;Россия;
Троицко-Печорск;Troitsko-Pechorsk;Троицко-Печорск;592;Коми Республика;12;Россия;
Туапсе;Tuapse;Туапсе;593;Краснодарский Край;24;Россия;
Тутаев;Tutaev;Тутаев;595;Ярославская Область;77;Россия;
Улейма;Uleyma;Улейма;601;Ярославская Область;77;Россия;
Урай;Uray;Урай;603;Ханты-Мансийский АО - Югра Автономный округ;82;Россия;
Уральск;Uralsk;Уральск;604;Западный Казахстан;93;Казахстан;
Урдома;Urdoma;Урдома;606;Архангельская Область;30;Россия;
Уржум;Urzhum;Уржум;607;Кировская Область;44;Россия;
Усинск;Usinsk;Усинск;609;Коми Республика;12;Россия;
Усть Кубинский район село Устье;Uste;Устье;613;Вологодская Область;36;Россия;Усть-Кубенский
Усть-Вага;Ust-Vaga;Усть-Вага;612;Архангельская Область;30;Россия;
Устье;Uste;Устье;613;Вологодская Область;36;Россия;Усть-Кубенский
Усть-Кубинский район, село Бережное;Ust-Kubinskiy rayon, selo Berezhnoe;Усть-Кубинский район, село Бережное;614;Вологодская Область;36;Россия;Усть-Кубенский
Усть-Мая;Ust-Maya;Усть-Мая;615;Саха /Якутия/ Республика;15;Россия;
Устюженский район;Ustyuzhna;Устюжна;617;Вологодская Область;36;Россия;Устюженский
Устюжна;Ustyuzhna;Устюжна;617;Вологодская Область;36;Россия;Устюженский
Устюжна, Вологодская область, Россия;Ustyuzhna;Устюжна;617;Вологодская Область;36;Россия;Устюженский
Уфа;Ufa;Уфа;619;Башкортостан Республика;3;Россия;
УХТА (Город);Ukhta;Ухта;620;Коми Республика;12;Россия;
Ухта, Республика Коми;Ukhta;Ухта;620;Коми Республика;12;Россия;
Фёдоровское;Fyodorovskoe;Фёдоровское;621;Ленинградская Область;48;Россия;
Федоскино;Fedoskino;Федоскино;622;Московская Область;51;Россия;
Федотово;Fedotovo;Федотово;623;Вологодская Область;36;Россия;Вологодский
Федотово дом 20 кв 20;Fedotovo;Федотово;623;Вологодская Область;36;Россия;Вологодский
Фетинино;Fetinino;Фетинино;624;Вологодская Область;36;Россия;Вологодский
фофанцево;Fofantsevo;Фофанцево;625;Вологодская Область;36;Россия;Вологодский
Фурманов;Furmanov;Фурманов;628;Ивановская Область;38;Россия;
Хабаровск;Khabarovsk;Хабаровск;629;Хабаровский Край;28;Россия;
Ханты-Мансийск;Khanty-Mansiysk;Ханты-Мансийск;630;Ханты-Мансийский АО - Югра Автономный округ;82;Россия;
Харачево;Kharachevo;Харачево;631;Вологодская Область;36;Россия;Вологодский
Харачево пос;Kharachevo;Харачево;631;Вологодская Область;36;Россия;Вологодский
Харовск;Kharovsk;Харовск;632;Вологодская Область;36;Россия;Харовский
Харовск, Вологодская обл;Kharovsk;Харовск;632;Вологодская Область;36;Россия;Харовский
Харовский район;Kharovsk;Харовск;632;Вологодская Область;36;Россия;Харовский
Хвойная;Khvoynaya;Хвойная;633;Новгородская Область;54;Россия;
Хельсинки;Khelsinki;Хельсинки;634;Уусимаа;90;Финляндия;
Хемалда;Khemalda;Хемалда;635;Вологодская Область;36;Россия;Череповецкий
Химки;Khimki;Химки;636;Московская Область;51;Россия;
Холмогоры;Kholmogory;Холмогоры;638;Архангельская Область;30;Россия;
Хорошево;Khoroshevo;Хорошево;639;Вологодская Область;36;Россия;Грязовецкий
Хотьково;Khotkovo;Хотьково;641;Московская Область;51;Россия;
Циково;Tsikovo;Циково;642;Вологодская Область;36;Россия;Череповецкий
Чагода;Chagoda;Чагода;643;Вологодская Область;36;Россия;Чагодощенский
Чамзинка;Chamzinka;Чамзинка;645;Мордовия Республика;14;Россия;
Чебоксары;Cheboksary;Чебоксары;646;Чувашская Республика;22;Россия;
Чекшино;Chekshino;Чекшино;648;Вологодская Область;36;Россия;Сокольский
Череповец;Cherepovets;Череповец;650;Вологодская Область;36;Россия;Череповецкий
Череповец (Вологодская область);Cherepovets;Череповец;650;Вологодская Область;36;Россия;Череповецкий
Череповец Вологодская обл;Cherepovets;Череповец;650;Вологодская Область;36;Россия;Череповецкий
Череповец Вологодская область;Cherepovets;Череповец;650;Вологодская Область;36;Россия;Череповецкий
Череповец г;Cherepovets;Череповец;650;Вологодская Область;36;Россия;Череповецкий
Череповецкий район;Cherepovets;Череповец;650;Вологодская Область;36;Россия;Череповецкий
Череповецкий район, Вологодская обл.с.Воскресенское ул.Советская д19к6;Cherepovets;Череповец;650;Вологодская Область;36;Россия;Череповецкий
Чернеево;Cherneevo;Чернеево;652;Вологодская Область;36;Россия;Шекснинский
Чехов 2;Chekhov;Чехов;654;Московская Область;51;Россия;
Чехов-2;Chekhov;Чехов;654;Московская Область;51;Россия;
Чехов-2 Серпухов;Chekhov;Чехов;654;Московская Область;51;Россия;
Чкаловск;Chkalovsk;Чкаловск;655;Нижегородская Область;53;Россия;
Чупа;Chupa;Чупа;656;Карелия Республика;11;Россия;
Чусовой;Chusovoy;Чусовой;659;Пермский Край;60;Россия;
Чушевицы;Chushevitsy;Чушевицы;661;Вологодская Область;36;Россия;Верховажский
Шатура;Shatura;Шатура;664;Московская Область;51;Россия;
Шёвде;Shyovde;Шёвде;666;Шёвде;134;Швеция;
Шексна;Sheksna;Шексна;667;Вологодская Область;36;Россия;Шекснинский
Шенкурск;Shenkursk;Шенкурск;669;Архангельская Область;30;Россия;
Шилово;Shilovo;Шилово;670;Рязанская Область;63;Россия;
Шудаяг;Shudayag;Шудаяг;673;Коми Республика;12;Россия;
Шуйское;Shuyskoe;Шуйское;674;Вологодская Область;36;Россия;Междуреченский
Шухободь;Shukhobod;Шухободь;676;Вологодская Область;36;Россия;Череповецкий
Шуя;Shuya;Шуя;677;Ивановская Область;38;Россия;
Щельяюр;Schelyayur;Щельяюр;679;Коми Республика;12;Россия;
Электросталь;Elektrostal;Электросталь;680;Московская Область;51;Россия;
Электроугли;Elektrougli;Электроугли;681;Московская Область;51;Россия;
Юбилейный;Yubileynyy;Юбилейный;682;Вологодская Область;36;Россия;Тотемский
Южа;Yuzha;Южа;683;Ивановская Область;38;Россия;
Южно-Сахалинск;Yuzhno-Sakhalinsk;Южно-Сахалинск;684;Сахалинская Область;66;Россия;
Юрома;Yuroma;Юрома;687;Архангельская Область;30;Россия;
Явенга;Yavenga;Явенга;689;Вологодская Область;36;Россия;Сямженский
Ягры;Yagry;Ягры;690;Архангельская Область;30;Россия;
Якутск;Yakutsk;Якутск;691;Саха /Якутия/ Республика;15;Россия;
Янаул;Yanaul;Янаул;692;Башкортостан Республика;3;Россия;
Яранск;Yaransk;Яранск;693;Кировская Область;44;Россия;
Ярега;Yarega;Ярега;694;Коми Республика;12;Россия;
Ярославль;Yaroslavl;Ярославль;695;Ярославская Область;77;Россия;
Ярославль г;Yaroslavl;Ярославль;695;Ярославская Область;77;Россия;
ярославская улица;Vologda;Вологда;98;Вологодская Область;36;Россия;Вологодский
ярославская улица 31б;Vologda;Вологда;98;Вологодская Область;36;Россия;Вологодский
Ярославский район;Yaroslavskiy rayon;Ярославский район;696;Ярославская Область;77;Россия;
Яхрома;Yakhroma;Яхрома;697;Московская Область;51;Россия;
;;;;;;;
;;;;;;;
;;;;;;;
